Workbook

Sheet Sheet1
A1: 成品当日发货清单
A2: 工厂地址：四川省达州市渠县经济开发区 | G2: 制单人：代艳 | I2: 联系电话1368664967 | K2: 备注：装车时按从上下到的顺序装车 | Q2: CARTON DIMENSIONS | T2: CRTN CBM (M3) | U2: TOTAL CBM (M3)
A3: 发车日期 | B3: 客户 | C3: 生产单号 | D3: 销售单号 | E3: PO.NO | F3: 款号 | G3: 产品名称 | H3: 总箱数 | I3: 实发数量 | J3: 单位 | K3: 产地 | L3: 件数 | M3: CBM | N3: 是否验货 | O3: 备注 | P3: 运输方式 | Q3: L (cm) | R3: W (cm) | S3: H (cm)
A4: 46028 | B4: Amazon US | C4: POHK-25-20307 | E4: 56WW9AFR/62V4ESGH/8SDSE5WZ | F4: 12369（3） | G4: 成品 | I4: =+L4*3 -> 765 | J4: 个 | K4: 装配 | L4: 255 | M4: =+U4 -> 19.28314 | N4: 已 | P4: 车牌:川S86094 挂车：川S8451挂 车型：17.5x3x3厢车 5轴160 司机，谢营海 电话：18381906318 | Q4: =VLOOKUP($F4,[1]装箱单!$A:$E,5,0) -> 48.26 | R4: =VLOOKUP($F4,[1]装箱单!$A:$F,6,0) -> 36.83 | S4: =VLOOKUP($F4,[1]装箱单!$A:$G,7,0) -> 42.545 | T4: =VLOOKUP($F4,[1]装箱单!$A:$J,10,0) -> 0.075620155 | U4: =+T4*L4 -> 19.28314
A5: 46028 | B5: Amazon US | C5: POHK-25-20307 | E5: 7783ULHC/5CN6AL7T | F5: 14747(12) | G5: 成品 | I5: =+L5*12 -> 324 | J5: 个 | K5: 装配 | L5: 27 | M5: =+U5 -> 2.8152408 | N5: 已 | Q5: =VLOOKUP($F5,[1]装箱单!$A:$E,5,0) -> 60.96 | R5: =VLOOKUP($F5,[1]装箱单!$A:$F,6,0) -> 51.8 | S5: =VLOOKUP($F5,[1]装箱单!$A:$G,7,0) -> 33.02 | T5: =VLOOKUP($F5,[1]装箱单!$A:$J,10,0) -> 0.10426818 | U5: =+T5*L5 -> 2.8152408
A6: 46028 | B6: WM（Modset） | C6: POHK-25-19078 | E6: 954188898 | F6: 28483 | G6: 成品 | I6: 1542 | J6: 个 | K6: 装配 | L6: 1542 | M6: =+U6 -> 8.901488 | N6: 已 | Q6: =VLOOKUP($F6,[1]装箱单!$A:$E,5,0) -> 16.83 | R6: =VLOOKUP($F6,[1]装箱单!$A:$F,6,0) -> 17.15 | S6: =VLOOKUP($F6,[1]装箱单!$A:$G,7,0) -> 20 | T6: =VLOOKUP($F6,[1]装箱单!$A:$J,10,0) -> 0.00577269 | U6: =+T6*L6 -> 8.901488
A7: 46028 | B7: WM US | C7: POHK-25-19227 | E7: 954188464 | F7: 28483 | G7: 成品 | I7: 1800 | J7: 个 | K7: 装配 | L7: 1800 | M7: =+U7 -> 10.390842 | N7: 已 | Q7: =VLOOKUP($F7,[1]装箱单!$A:$E,5,0) -> 16.83 | R7: =VLOOKUP($F7,[1]装箱单!$A:$F,6,0) -> 17.15 | S7: =VLOOKUP($F7,[1]装箱单!$A:$G,7,0) -> 20 | T7: =VLOOKUP($F7,[1]装箱单!$A:$J,10,0) -> 0.00577269 | U7: =+T7*L7 -> 10.390842
A8: 46028 | B8: WM US | C8: POHK-25-19228 | E8: 954188459 | F8: 28483 | G8: 成品 | I8: 1800 | J8: 个 | K8: 装配 | L8: 1800 | M8: =+U8 -> 10.390842 | N8: 已 | Q8: =VLOOKUP($F8,[1]装箱单!$A:$E,5,0) -> 16.83 | R8: =VLOOKUP($F8,[1]装箱单!$A:$F,6,0) -> 17.15 | S8: =VLOOKUP($F8,[1]装箱单!$A:$G,7,0) -> 20 | T8: =VLOOKUP($F8,[1]装箱单!$A:$J,10,0) -> 0.00577269 | U8: =+T8*L8 -> 10.390842
A9: 46028 | B9: PT Emway | C9: POHK-25-17959 | E9: 25000352 | F9: 33475（18） | G9: 成品 | I9: 152766 | J9: 个 | K9: 装配 | L9: 8487 | M9: =+U9 -> 49.165298 | N9: 已 | Q9: =VLOOKUP($F9,[1]装箱单!$A:$E,5,0) -> 32.385 | R9: =VLOOKUP($F9,[1]装箱单!$A:$F,6,0) -> 18.78 | S9: =VLOOKUP($F9,[1]装箱单!$A:$G,7,0) -> 9.525 | T9: =VLOOKUP($F9,[1]装箱单!$A:$J,10,0) -> 0.0057930126 | U9: =+T9*L9 -> 49.165298
A10: 46028 | B10: WM（Modset） | C10: POHK-25-19085 | E10: 954188907 | F10: 28481 | G10: 成品 | I10: =+L10*4 -> 2388 | J10: 套 | K10: 装配 | L10: 597 | M10: =+U10 -> 6.0176217 | N10: 已 | Q10: =VLOOKUP($F10,[1]装箱单!$A:$E,5,0) -> 23.81 | R10: =VLOOKUP($F10,[1]装箱单!$A:$F,6,0) -> 17.78 | S10: =VLOOKUP($F10,[1]装箱单!$A:$G,7,0) -> 23.81 | T10: =VLOOKUP($F10,[1]装箱单!$A:$J,10,0) -> 0.010079768 | U10: =+T10*L10 -> 6.0176217
A11: 46028 | B11: WM US | C11: POHK-25-19227 | E11: 954188464 | F11: 28481 | G11: 成品 | I11: =+L11*4 -> 1440 | J11: 套 | K11: 装配 | L11: 360 | M11: =+U11 -> 3.6287166 | N11: 已 | Q11: =VLOOKUP($F11,[1]装箱单!$A:$E,5,0) -> 23.81 | R11: =VLOOKUP($F11,[1]装箱单!$A:$F,6,0) -> 17.78 | S11: =VLOOKUP($F11,[1]装箱单!$A:$G,7,0) -> 23.81 | T11: =VLOOKUP($F11,[1]装箱单!$A:$J,10,0) -> 0.010079768 | U11: =+T11*L11 -> 3.6287166
A12: 46028 | B12: WM US | C12: POHK-25-19228 | E12: 954188459 | F12: 28481 | G12: 成品 | I12: =+L12*4 -> 1440 | J12: 套 | K12: 装配 | L12: 360 | M12: =+U12 -> 3.6287166 | N12: 已 | Q12: =VLOOKUP($F12,[1]装箱单!$A:$E,5,0) -> 23.81 | R12: =VLOOKUP($F12,[1]装箱单!$A:$F,6,0) -> 17.78 | S12: =VLOOKUP($F12,[1]装箱单!$A:$G,7,0) -> 23.81 | T12: =VLOOKUP($F12,[1]装箱单!$A:$J,10,0) -> 0.010079768 | U12: =+T12*L12 -> 3.6287166
A13: 46028 | B13: TJX | C13: POHK-25-21146 | E13: 01-721830/04-721830 06-721830/07-721830 08-721830 | F13: 33454(48) | G13: 成品 | I13: 31824 | J13: 个 | K13: 装配 | L13: 12 | M13: =+U13 -> 0.49047808 | N13: 已 | Q13: =VLOOKUP($F13,[1]装箱单!$A:$E,5,0) -> 37.15 | R13: =VLOOKUP($F13,[1]装箱单!$A:$F,6,0) -> 33 | S13: =VLOOKUP($F13,[1]装箱单!$A:$G,7,0) -> 33.34 | T13: =VLOOKUP($F13,[1]装箱单!$A:$J,10,0) -> 0.040873173 | U13: =+T13*L13 -> 0.49047808
M14: =SUM(M4:M13) -> 114.71238
A15: 46029 | B15: Domestic | C15: 43384 | F15: 320916 | G15: 成品 | I15: =+L15*2 -> 3000 | J15: 个 | K15: 装配 | L15: 1500 | M15: =+U15 -> 38.714439 | N15: 已 | P15: 车牌：川S86004 挂号：川S7549挂 姓名：田道川 电话：13882811838 | Q15: =VLOOKUP($F15,[1]装箱单!$A:$E,5,0) -> 38.1 | R15: =VLOOKUP($F15,[1]装箱单!$A:$F,6,0) -> 30.48 | S15: =VLOOKUP($F15,[1]装箱单!$A:$G,7,0) -> 22.225 | T15: =VLOOKUP($F15,[1]装箱单!$A:$J,10,0) -> 0.025809626 | U15: =+T15*L15 -> 38.714439
A16: 46029 | B16: Domestic | C16: 43721 | F16: 470194 | G16: 成品 | I16: =+L16*2 -> 3000 | J16: 个 | K16: 装配 | L16: 1500 | M16: =+U16 -> 60.836975 | N16: 已 | Q16: =VLOOKUP($F16,[1]装箱单!$A:$E,5,0) -> 41.91 | R16: =VLOOKUP($F16,[1]装箱单!$A:$F,6,0) -> 31.75 | S16: =VLOOKUP($F16,[1]装箱单!$A:$G,7,0) -> 30.48 | T16: =VLOOKUP($F16,[1]装箱单!$A:$J,10,0) -> 0.040557983 | U16: =+T16*L16 -> 60.836975
A17: 46029 | B17: Domestic | C17: 43730 | F17: 320398 | G17: 成品 | I17: =+L17*4 -> 8000 | J17: 套 | K17: 装配 | L17: 2000 | M17: =+U17 -> 20.58 | N17: 已 | Q17: =VLOOKUP($F17,[1]装箱单!$A:$E,5,0) -> 24.5 | R17: =VLOOKUP($F17,[1]装箱单!$A:$F,6,0) -> 21 | S17: =VLOOKUP($F17,[1]装箱单!$A:$G,7,0) -> 20 | T17: =VLOOKUP($F17,[1]装箱单!$A:$J,10,0) -> 0.01029 | U17: =+T17*L17 -> 20.58
A18: 46029 | B18: Domestic | C18: 43721 | F18: 320635 | G18: 成品 | I18: =+L18*2 -> 2596 | J18: 个 | K18: 装配 | L18: =1500-202 -> 1298 | M18: =+U18 -> 20.491184 | N18: 已 | Q18: =VLOOKUP($F18,[1]装箱单!$A:$E,5,0) -> 35.18 | R18: =VLOOKUP($F18,[1]装箱单!$A:$F,6,0) -> 27.18 | S18: =VLOOKUP($F18,[1]装箱单!$A:$G,7,0) -> 16.51 | T18: =VLOOKUP($F18,[1]装箱单!$A:$J,10,0) -> 0.015786737 | U18: =+T18*L18 -> 20.491184
M19: =SUM(M15:M18) -> 140.6226
A20: 46029 | B20: WMUS | C20: POHK-25-18802 | E20: 953742268 | F20: 11369（1） | G20: 成品 | I20: 1122 | J20: 个 | K20: 装配 | L20: 1122 | M20: =+U20 -> 18.199328 | N20: 未 | P20: 车牌：川S80435 电话：18080698059 副驾：王果 电话：18381811233 | Q20: =VLOOKUP($F20,[1]装箱单!$A:$E,5,0) -> 26.67 | R20: =VLOOKUP($F20,[1]装箱单!$A:$F,6,0) -> 18.78 | S20: =VLOOKUP($F20,[1]装箱单!$A:$G,7,0) -> 32.385 | T20: =VLOOKUP($F20,[1]装箱单!$A:$J,10,0) -> 0.016220435 | U20: =+T20*L20 -> 18.199328
A21: 46029 | B21: WMUS | C21: POHK-25-18803 | E21: 953742276 | F21: 11369（1） | G21: 成品 | I21: 924 | J21: 个 | K21: 装配 | L21: 924 | M21: =+U21 -> 14.987682 | N21: 未 | Q21: =VLOOKUP($F21,[1]装箱单!$A:$E,5,0) -> 26.67 | R21: =VLOOKUP($F21,[1]装箱单!$A:$F,6,0) -> 18.78 | S21: =VLOOKUP($F21,[1]装箱单!$A:$G,7,0) -> 32.385 | T21: =VLOOKUP($F21,[1]装箱单!$A:$J,10,0) -> 0.016220435 | U21: =+T21*L21 -> 14.987682
A22: 46029 | B22: WMUS | C22: POHK-25-18805 | E22: 953742289 | F22: 11369（1） | G22: 成品 | I22: 1056 | J22: 个 | K22: 装配 | L22: =1056-66 -> 990 | M22: =+U22 -> 16.058231 | N22: 未 | Q22: =VLOOKUP($F22,[1]装箱单!$A:$E,5,0) -> 26.67 | R22: =VLOOKUP($F22,[1]装箱单!$A:$F,6,0) -> 18.78 | S22: =VLOOKUP($F22,[1]装箱单!$A:$G,7,0) -> 32.385 | T22: =VLOOKUP($F22,[1]装箱单!$A:$J,10,0) -> 0.016220435 | U22: =+T22*L22 -> 16.058231
A23: 46029 | B23: Domestic | C23: 43721 | F23: 320635 | G23: 成品 | I23: =+L23*2 -> 404 | J23: 个 | K23: 装配 | L23: 202 | M23: =+U23 -> 3.1889208 | N23: 未 | Q23: =VLOOKUP($F23,[1]装箱单!$A:$E,5,0) -> 35.18 | R23: =VLOOKUP($F23,[1]装箱单!$A:$F,6,0) -> 27.18 | S23: =VLOOKUP($F23,[1]装箱单!$A:$G,7,0) -> 16.51 | T23: =VLOOKUP($F23,[1]装箱单!$A:$J,10,0) -> 0.015786737 | U23: =+T23*L23 -> 3.1889208
A24: 46029 | B24: Domestic | C24: 43649 | F24: 470616（4） | G24: 成品 | I24: =+L24*4 -> 6000 | J24: 个 | K24: 装配 | L24: 1500 | M24: =+U24 -> 23.8392 | N24: 未 | O24: 必走 | Q24: =VLOOKUP($F24,[1]装箱单!$A:$E,5,0) -> 33 | R24: =VLOOKUP($F24,[1]装箱单!$A:$F,6,0) -> 17.2 | S24: =VLOOKUP($F24,[1]装箱单!$A:$G,7,0) -> 28 | T24: =VLOOKUP($F24,[1]装箱单!$A:$J,10,0) -> 0.0158928 | U24: =+T24*L24 -> 23.8392
A25: 46029 | B25: Domestic | C25: 43721 | F25: 470111（4） | G25: 成品 | I25: =+L25*4 -> 6000 | J25: 个 | K25: 装配 | L25: 1500 | M25: =+U25 -> 22.833825 | N25: 未 | O25: 必走 | Q25: =VLOOKUP($F25,[1]装箱单!$A:$E,5,0) -> 27.94 | R25: =VLOOKUP($F25,[1]装箱单!$A:$F,6,0) -> 16.51 | S25: =VLOOKUP($F25,[1]装箱单!$A:$G,7,0) -> 33 | T25: =VLOOKUP($F25,[1]装箱单!$A:$J,10,0) -> 0.01522255 | U25: =+T25*L25 -> 22.833825
M26: =SUM(M20:M25) -> 99.107188
A27: 46030 | B27: WMUS | C27: 从AMZ询单取消2468个转入 POHK-25-18804 | E27: 953742278 | F27: 11369（1） | G27: 成品 | I27: 858 | J27: 个 | K27: 装配 | L27: 858 | M27: =+U27 -> 13.917133 | N27: 已 | P27: 车牌:川SB1976 司机：蔡旭 电话：15881855371 | Q27: =VLOOKUP($F27,[1]装箱单!$A:$E,5,0) -> 26.67 | R27: =VLOOKUP($F27,[1]装箱单!$A:$F,6,0) -> 18.78 | S27: =VLOOKUP($F27,[1]装箱单!$A:$G,7,0) -> 32.385 | T27: =VLOOKUP($F27,[1]装箱单!$A:$J,10,0) -> 0.016220435 | U27: =+T27*L27 -> 13.917133
A28: 46030 | B28: WMUS | C28: POHK-25-18805 | E28: 953742289 | F28: 11369（1） | G28: 成品 | I28: 1056 | J28: 个 | K28: 装配 | L28: 66 | M28: =+U28 -> 1.0705487 | N28: 已 | Q28: =VLOOKUP($F28,[1]装箱单!$A:$E,5,0) -> 26.67 | R28: =VLOOKUP($F28,[1]装箱单!$A:$F,6,0) -> 18.78 | S28: =VLOOKUP($F28,[1]装箱单!$A:$G,7,0) -> 32.385 | T28: =VLOOKUP($F28,[1]装箱单!$A:$J,10,0) -> 0.016220435 | U28: =+T28*L28 -> 1.0705487
A29: 46030 | B29: WMUS | C29: POHK-25-18806 | E29: 953742290 | F29: 11369（1） | G29: 成品 | I29: 1584 | J29: 个 | K29: 装配 | L29: 1584 | M29: =+U29 -> 25.69317 | N29: 已 | Q29: =VLOOKUP($F29,[1]装箱单!$A:$E,5,0) -> 26.67 | R29: =VLOOKUP($F29,[1]装箱单!$A:$F,6,0) -> 18.78 | S29: =VLOOKUP($F29,[1]装箱单!$A:$G,7,0) -> 32.385 | T29: =VLOOKUP($F29,[1]装箱单!$A:$J,10,0) -> 0.016220435 | U29: =+T29*L29 -> 25.69317
A30: 46030 | B30: WMUS | C30: POHK-25-18807 | E30: 953742291 | F30: 11369（1） | G30: 成品 | I30: 1254 | J30: 个 | K30: 装配 | L30: 1254 | M30: =+U30 -> 20.340426 | N30: 已 | Q30: =VLOOKUP($F30,[1]装箱单!$A:$E,5,0) -> 26.67 | R30: =VLOOKUP($F30,[1]装箱单!$A:$F,6,0) -> 18.78 | S30: =VLOOKUP($F30,[1]装箱单!$A:$G,7,0) -> 32.385 | T30: =VLOOKUP($F30,[1]装箱单!$A:$J,10,0) -> 0.016220435 | U30: =+T30*L30 -> 20.340426
A31: 46030 | B31: WMUS | C31: POHK-25-18808 | E31: 953742296 | F31: 11369（1） | G31: 成品 | I31: 924 | J31: 个 | K31: 装配 | L31: 924 | M31: =+U31 -> 14.987682 | N31: 已 | Q31: =VLOOKUP($F31,[1]装箱单!$A:$E,5,0) -> 26.67 | R31: =VLOOKUP($F31,[1]装箱单!$A:$F,6,0) -> 18.78 | S31: =VLOOKUP($F31,[1]装箱单!$A:$G,7,0) -> 32.385 | T31: =VLOOKUP($F31,[1]装箱单!$A:$J,10,0) -> 0.016220435 | U31: =+T31*L31 -> 14.987682
A32: 46030 | B32: WMUS | C32: 43670 | E32: "0953760398 | F32: 570989 | G32: 成品 | I32: =+L32*27 -> 6696 | J32: 个 | K32: 装配 | L32: 248 | M32: =+U32 -> 2.7672695 | N32: 已 | Q32: =VLOOKUP($F32,[1]装箱单!$A:$E,5,0) -> 31.115 | R32: =VLOOKUP($F32,[1]装箱单!$A:$F,6,0) -> 22.59 | S32: =VLOOKUP($F32,[1]装箱单!$A:$G,7,0) -> 15.875 | T32: =VLOOKUP($F32,[1]装箱单!$A:$J,10,0) -> 0.011158345 | U32: =+T32*L32 -> 2.7672695
A33: 46030 | B33: WMUS | C33: 43674 | E33: "0953760449 | F33: 570989 | G33: 成品 | I33: =+L33*27 -> 5994 | J33: 个 | K33: 装配 | L33: 222 | M33: =+U33 -> 2.4771525 | N33: 已 | Q33: =VLOOKUP($F33,[1]装箱单!$A:$E,5,0) -> 31.115 | R33: =VLOOKUP($F33,[1]装箱单!$A:$F,6,0) -> 22.59 | S33: =VLOOKUP($F33,[1]装箱单!$A:$G,7,0) -> 15.875 | T33: =VLOOKUP($F33,[1]装箱单!$A:$J,10,0) -> 0.011158345 | U33: =+T33*L33 -> 2.4771525
A34: 46030 | B34: WMUS | C34: 43683 | E34: "0953763886 | F34: 570989 | G34: 成品 | I34: =+L34*27 -> 216 | J34: 个 | K34: 装配 | L34: 8 | M34: =+U34 -> 0.089266757 | N34: 已 | Q34: =VLOOKUP($F34,[1]装箱单!$A:$E,5,0) -> 31.115 | R34: =VLOOKUP($F34,[1]装箱单!$A:$F,6,0) -> 22.59 | S34: =VLOOKUP($F34,[1]装箱单!$A:$G,7,0) -> 15.875 | T34: =VLOOKUP($F34,[1]装箱单!$A:$J,10,0) -> 0.011158345 | U34: =+T34*L34 -> 0.089266757
A35: 46030 | B35: WMUS | C35: 43686 | E35: "0953763889 | F35: 570989 | G35: 成品 | I35: =+L35*27 -> 1296 | J35: 个 | K35: 装配 | L35: 48 | M35: =+U35 -> 0.53560054 | N35: 已 | Q35: =VLOOKUP($F35,[1]装箱单!$A:$E,5,0) -> 31.115 | R35: =VLOOKUP($F35,[1]装箱单!$A:$F,6,0) -> 22.59 | S35: =VLOOKUP($F35,[1]装箱单!$A:$G,7,0) -> 15.875 | T35: =VLOOKUP($F35,[1]装箱单!$A:$J,10,0) -> 0.011158345 | U35: =+T35*L35 -> 0.53560054
A36: 46030 | B36: WMUS | C36: 43690 | E36: "0953763893 | F36: 570989 | G36: 成品 | I36: =+L36*27 -> 4050 | J36: 个 | K36: 装配 | L36: 150 | M36: =+U36 -> 1.6737517 | N36: 已 | Q36: =VLOOKUP($F36,[1]装箱单!$A:$E,5,0) -> 31.115 | R36: =VLOOKUP($F36,[1]装箱单!$A:$F,6,0) -> 22.59 | S36: =VLOOKUP($F36,[1]装箱单!$A:$G,7,0) -> 15.875 | T36: =VLOOKUP($F36,[1]装箱单!$A:$J,10,0) -> 0.011158345 | U36: =+T36*L36 -> 1.6737517
A37: 46030 | B37: WMUS | C37: 43691 | E37: "0953763894 | F37: 570989 | G37: 成品 | I37: =+L37*27 -> 648 | J37: 个 | K37: 装配 | L37: 24 | M37: =+U37 -> 0.26780027 | N37: 已 | Q37: =VLOOKUP($F37,[1]装箱单!$A:$E,5,0) -> 31.115 | R37: =VLOOKUP($F37,[1]装箱单!$A:$F,6,0) -> 22.59 | S37: =VLOOKUP($F37,[1]装箱单!$A:$G,7,0) -> 15.875 | T37: =VLOOKUP($F37,[1]装箱单!$A:$J,10,0) -> 0.011158345 | U37: =+T37*L37 -> 0.26780027
A38: 46030 | B38: WMUS | C38: 43688 | E38: "0953763891 | F38: 570989 | G38: 成品 | I38: =+L38*27 -> 2160 | J38: 个 | K38: 装配 | L38: 80 | M38: =+U38 -> 0.89266757 | N38: 已 | Q38: =VLOOKUP($F38,[1]装箱单!$A:$E,5,0) -> 31.115 | R38: =VLOOKUP($F38,[1]装箱单!$A:$F,6,0) -> 22.59 | S38: =VLOOKUP($F38,[1]装箱单!$A:$G,7,0) -> 15.875 | T38: =VLOOKUP($F38,[1]装箱单!$A:$J,10,0) -> 0.011158345 | U38: =+T38*L38 -> 0.89266757
A39: 46030 | B39: WMUS | C39: 43694 | E39: "0953763897 | F39: 570989 | G39: 成品 | I39: =+L39*27 -> 2160 | J39: 个 | K39: 装配 | L39: 80 | M39: =+U39 -> 0.89266757 | N39: 已 | O39: 必走 | Q39: =VLOOKUP($F39,[1]装箱单!$A:$E,5,0) -> 31.115 | R39: =VLOOKUP($F39,[1]装箱单!$A:$F,6,0) -> 22.59 | S39: =VLOOKUP($F39,[1]装箱单!$A:$G,7,0) -> 15.875 | T39: =VLOOKUP($F39,[1]装箱单!$A:$J,10,0) -> 0.011158345 | U39: =+T39*L39 -> 0.89266757
A40: 46030 | B40: Disney Theme Park | C40: POHK-25-20703 | E40: W-9433791 | F40: 14265（18） | G40: 成品 | I40: =+L40*18 -> 5994 | J40: 个 | K40: 装配 | L40: 333 | M40: =+U40 -> 4.9991399 | N40: 已 | O40: 必走 | Q40: =VLOOKUP($F40,[1]装箱单!$A:$E,5,0) -> 42.48 | R40: =VLOOKUP($F40,[1]装箱单!$A:$F,6,0) -> 22.8 | S40: =VLOOKUP($F40,[1]装箱单!$A:$G,7,0) -> 15.5 | T40: =VLOOKUP($F40,[1]装箱单!$A:$J,10,0) -> 0.015012432 | U40: =+T40*L40 -> 4.9991399
A41: 46030 | B41: Amazon US | C41: POHK-25-20306 | E41: 45EVZ8LY/681C56WN/2AIT655U/7ALIKTEM/7PELEP9C/8XMB2P1P/58MC6P4D/87ENWKCQ/8CNHXBSX | F41: 14878（8） | G41: 成品 | I41: =+L41*8 -> 2328 | J41: 个 | K41: 装配 | L41: 291 | M41: =+U41 -> 24.409454 | N41: 已 | O41: 未放测试报告 | Q41: =VLOOKUP($F41,[1]装箱单!$A:$E,5,0) -> 57.785 | R41: =VLOOKUP($F41,[1]装箱单!$A:$F,6,0) -> 57.15 | S41: =VLOOKUP($F41,[1]装箱单!$A:$G,7,0) -> 25.4 | T41: =VLOOKUP($F41,[1]装箱单!$A:$J,10,0) -> 0.083881284 | U41: =+T41*L41 -> 24.409454
A42: 46030 | B42: Amazon US | C42: POHK-25-20555 | E42: 2E9GNG8Q/7RZF5WIU/8ZRQ178K | F42: 12136（8） | G42: 成品 | I42: =+L42*8 -> 272 | J42: 个 | K42: 装配 | L42: 34 | M42: =+U42 -> 2.8519637 | N42: 已 | O42: 未放测试报告 | Q42: =VLOOKUP($F42,[1]装箱单!$A:$E,5,0) -> 57.785 | R42: =VLOOKUP($F42,[1]装箱单!$A:$F,6,0) -> 57.15 | S42: =VLOOKUP($F42,[1]装箱单!$A:$G,7,0) -> 25.4 | T42: =VLOOKUP($F42,[1]装箱单!$A:$J,10,0) -> 0.083881284 | U42: =+T42*L42 -> 2.8519637
A43: 46030 | B43: Amazon US | C43: POHK-25-20555 | E43: 5HANLKYO/7E5SVR2K/37EWHRVR/3U94WONG/8L3QSI2I | F43: 12137（8） | G43: 成品 | I43: =+L43*8 -> 496 | J43: 个 | K43: 装配 | L43: 62 | M43: =+U43 -> 5.2006396 | N43: 已 | O43: 未放测试报告 | Q43: =VLOOKUP($F43,[1]装箱单!$A:$E,5,0) -> 57.785 | R43: =VLOOKUP($F43,[1]装箱单!$A:$F,6,0) -> 57.15 | S43: =VLOOKUP($F43,[1]装箱单!$A:$G,7,0) -> 25.4 | T43: =VLOOKUP($F43,[1]装箱单!$A:$J,10,0) -> 0.083881284 | U43: =+T43*L43 -> 5.2006396
A44: 46030 | B44: Amazon US | C44: POHK-25-20307 | E44: 2E9GNG8Q/7RZF5WIU/8ZRQ178K | F44: 12137（8） | G44: 成品 | I44: =+L44*8 -> 480 | J44: 个 | K44: 装配 | L44: 60 | M44: =+U44 -> 5.032877 | N44: 已 | O44: 未放测试报告 | Q44: =VLOOKUP($F44,[1]装箱单!$A:$E,5,0) -> 57.785 | R44: =VLOOKUP($F44,[1]装箱单!$A:$F,6,0) -> 57.15 | S44: =VLOOKUP($F44,[1]装箱单!$A:$G,7,0) -> 25.4 | T44: =VLOOKUP($F44,[1]装箱单!$A:$J,10,0) -> 0.083881284 | U44: =+T44*L44 -> 5.032877
M45: =SUM(M27:M44) -> 128.09921
A46: 46032 | B46: WMUS | C46: 43673 | E46: "0953760441 | F46: 570989 | G46: 成品 | I46: =+L46*27 -> 9018 | J46: 个 | K46: 装配 | L46: 334 | M46: =+U46 -> 3.7268871 | N46: 已 | P46: 车牌：川S C7032 渠县到常平 拖挂： 川S8849挂 车型：17.5米 姓名：杜平 电话: 18784838138 | Q46: =VLOOKUP($F46,[1]装箱单!$A:$E,5,0) -> 31.115 | R46: =VLOOKUP($F46,[1]装箱单!$A:$F,6,0) -> 22.59 | S46: =VLOOKUP($F46,[1]装箱单!$A:$G,7,0) -> 15.875 | T46: =VLOOKUP($F46,[1]装箱单!$A:$J,10,0) -> 0.011158345 | U46: =+T46*L46 -> 3.7268871
A47: 46032 | B47: WMUS | C47: 43693 | E47: "0953763896 | F47: 570989 | G47: 成品 | I47: =+L47*27 -> 1296 | J47: 个 | K47: 装配 | L47: 48 | M47: =+U47 -> 0.53560054 | N47: 已 | Q47: =VLOOKUP($F47,[1]装箱单!$A:$E,5,0) -> 31.115 | R47: =VLOOKUP($F47,[1]装箱单!$A:$F,6,0) -> 22.59 | S47: =VLOOKUP($F47,[1]装箱单!$A:$G,7,0) -> 15.875 | T47: =VLOOKUP($F47,[1]装箱单!$A:$J,10,0) -> 0.011158345 | U47: =+T47*L47 -> 0.53560054
A48: 46032 | B48: WMUS | C48: 43695 | E48: "0953763898 | F48: 570989 | G48: 成品 | I48: =+L48*27 -> 3024 | J48: 个 | K48: 装配 | L48: 112 | M48: =+U48 -> 1.2497346 | N48: 已 | Q48: =VLOOKUP($F48,[1]装箱单!$A:$E,5,0) -> 31.115 | R48: =VLOOKUP($F48,[1]装箱单!$A:$F,6,0) -> 22.59 | S48: =VLOOKUP($F48,[1]装箱单!$A:$G,7,0) -> 15.875 | T48: =VLOOKUP($F48,[1]装箱单!$A:$J,10,0) -> 0.011158345 | U48: =+T48*L48 -> 1.2497346
A49: 46032 | B49: WMUS | C49: 43689 | E49: "0953763892 | F49: 570989 | G49: 成品 | I49: =+L49*27 -> 2376 | J49: 个 | K49: 装配 | L49: 88 | M49: =+U49 -> 0.98193433 | N49: 已 | Q49: =VLOOKUP($F49,[1]装箱单!$A:$E,5,0) -> 31.115 | R49: =VLOOKUP($F49,[1]装箱单!$A:$F,6,0) -> 22.59 | S49: =VLOOKUP($F49,[1]装箱单!$A:$G,7,0) -> 15.875 | T49: =VLOOKUP($F49,[1]装箱单!$A:$J,10,0) -> 0.011158345 | U49: =+T49*L49 -> 0.98193433
A50: 46032 | B50: WMUS | C50: 43690 | E50: "0953763893 | F50: 570989 | G50: 成品 | I50: =+L50*27 -> 1998 | J50: 个 | K50: 装配 | L50: 74 | M50: =+U50 -> 0.8257175 | N50: 已 | Q50: =VLOOKUP($F50,[1]装箱单!$A:$E,5,0) -> 31.115 | R50: =VLOOKUP($F50,[1]装箱单!$A:$F,6,0) -> 22.59 | S50: =VLOOKUP($F50,[1]装箱单!$A:$G,7,0) -> 15.875 | T50: =VLOOKUP($F50,[1]装箱单!$A:$J,10,0) -> 0.011158345 | U50: =+T50*L50 -> 0.8257175
A51: 46032 | B51: CL_Meijer | C51: POHK-25-15703 | E51: 218062424 | F51: 88188（2） | G51: 成品 | I51: =+L51*2 -> 326 | J51: 个 | K51: 装配 | L51: 163 | M51: =+U51 -> 6.0335753 | N51: 已 | Q51: =VLOOKUP($F51,[1]装箱单!$A:$E,5,0) -> 37.15 | R51: =VLOOKUP($F51,[1]装箱单!$A:$F,6,0) -> 27.77 | S51: =VLOOKUP($F51,[1]装箱单!$A:$G,7,0) -> 35.88 | T51: =VLOOKUP($F51,[1]装箱单!$A:$J,10,0) -> 0.037015799 | U51: =+T51*L51 -> 6.0335753
A52: 46032 | B52: Just Play LLC | C52: POHK-25-20306 | E52: 2UKM8DCU/3YJV29XZ/7IRRAQ9U/86LV914J/3F4M9LNF/3YZRAXCL/7LE7AAYY/7OXDSTIZ/5B4I6H5Y/6QITDVDK/7BDPVATM/3NLJBVUT/8SSO552Q | F52: 11781 | G52: 成品 | I52: 1416 | J52: 个 | K52: 装配 | L52: =+I52/24 -> 59 | M52: =+U52 -> 0.84438566 | N52: 已 | Q52: =VLOOKUP($F52,[1]装箱单!$A:$E,5,0) -> 25.72 | R52: =VLOOKUP($F52,[1]装箱单!$A:$F,6,0) -> 19.69 | S52: =VLOOKUP($F52,[1]装箱单!$A:$G,7,0) -> 28.26 | T52: =VLOOKUP($F52,[1]装箱单!$A:$J,10,0) -> 0.014311621 | U52: =+T52*L52 -> 0.84438566
A53: 46032 | B53: Just Play LLC | C53: POHK-25-20307 | F53: 11783 | G53: 成品 | I53: 672 | J53: 个 | K53: 装配 | L53: =+I53/24 -> 28 | M53: =+U53 -> 0.4007254 | N53: 已 | Q53: =VLOOKUP($F53,[1]装箱单!$A:$E,5,0) -> 25.72 | R53: =VLOOKUP($F53,[1]装箱单!$A:$F,6,0) -> 19.69 | S53: =VLOOKUP($F53,[1]装箱单!$A:$G,7,0) -> 28.26 | T53: =VLOOKUP($F53,[1]装箱单!$A:$J,10,0) -> 0.014311621 | U53: =+T53*L53 -> 0.4007254
A54: 46032 | B54: Just Play LLC（AMZ） | C54: POHK-25-20307 | E54: 6FF5YT4B/1FA1UX6S | F54: 45586 | G54: 成品 | I54: 384 | J54: 个 | K54: 装配 | L54: =+I54/24 -> 16 | M54: =+U54 -> 0.22898594 | N54: 已 | Q54: =VLOOKUP($F54,[1]装箱单!$A:$E,5,0) -> 25.72 | R54: =VLOOKUP($F54,[1]装箱单!$A:$F,6,0) -> 19.69 | S54: =VLOOKUP($F54,[1]装箱单!$A:$G,7,0) -> 28.26 | T54: =VLOOKUP($F54,[1]装箱单!$A:$J,10,0) -> 0.014311621 | U54: =+T54*L54 -> 0.22898594
A55: 46032 | B55: WM（Modset） | C55: POHK-25-19075 | E55: 954188921 | F55: 28483 | G55: 成品 | I55: 1046 | J55: 个 | K55: 装配 | L55: 1046 | M55: =+U55 -> 6.0382337 | N55: 已 | Q55: =VLOOKUP($F55,[1]装箱单!$A:$E,5,0) -> 16.83 | R55: =VLOOKUP($F55,[1]装箱单!$A:$F,6,0) -> 17.15 | S55: =VLOOKUP($F55,[1]装箱单!$A:$G,7,0) -> 20 | T55: =VLOOKUP($F55,[1]装箱单!$A:$J,10,0) -> 0.00577269 | U55: =+T55*L55 -> 6.0382337
A56: 46032 | B56: Winners | C56: POHK-25-21023 | E56: 40531370 | F56: 33454(48) | G56: 成品 | I56: 9600 | J56: 个 | K56: 装配 | L56: =+I56/48 -> 200 | M56: =+U56 -> 8.1746346 | N56: 已 | Q56: =VLOOKUP($F56,[1]装箱单!$A:$E,5,0) -> 37.15 | R56: =VLOOKUP($F56,[1]装箱单!$A:$F,6,0) -> 33 | S56: =VLOOKUP($F56,[1]装箱单!$A:$G,7,0) -> 33.34 | T56: =VLOOKUP($F56,[1]装箱单!$A:$J,10,0) -> 0.040873173 | U56: =+T56*L56 -> 8.1746346
A57: 46032 | B57: Winners | C57: POHK-25-21200 | E57: 40531510 | F57: 33454(48) | G57: 成品 | I57: 2880 | J57: 个 | K57: 装配 | L57: =+I57/48 -> 60 | M57: =+U57 -> 2.4523904 | N57: 已 | Q57: =VLOOKUP($F57,[1]装箱单!$A:$E,5,0) -> 37.15 | R57: =VLOOKUP($F57,[1]装箱单!$A:$F,6,0) -> 33 | S57: =VLOOKUP($F57,[1]装箱单!$A:$G,7,0) -> 33.34 | T57: =VLOOKUP($F57,[1]装箱单!$A:$J,10,0) -> 0.040873173 | U57: =+T57*L57 -> 2.4523904
A58: 46032 | B58: Winners | C58: POHK-25-20995 | E58: 45439922 | F58: 33454(48) | G58: 成品 | I58: 2880 | J58: 个 | K58: 装配 | L58: =+I58/48 -> 60 | M58: =+U58 -> 2.4523904 | N58: 已 | Q58: =VLOOKUP($F58,[1]装箱单!$A:$E,5,0) -> 37.15 | R58: =VLOOKUP($F58,[1]装箱单!$A:$F,6,0) -> 33 | S58: =VLOOKUP($F58,[1]装箱单!$A:$G,7,0) -> 33.34 | T58: =VLOOKUP($F58,[1]装箱单!$A:$J,10,0) -> 0.040873173 | U58: =+T58*L58 -> 2.4523904
A59: 46032 | B59: JP NZ (DOM) | C59: POHK-25-20694 | E59: 0038 NZ | F59: 33490（18） | G59: 成品 | I59: 3600 | J59: 个 | K59: 装配 | L59: 200 | M59: =+U59 -> 1.1586025 | N59: 已 | Q59: =VLOOKUP($F59,[1]装箱单!$A:$E,5,0) -> 32.385 | R59: =VLOOKUP($F59,[1]装箱单!$A:$F,6,0) -> 18.78 | S59: =VLOOKUP($F59,[1]装箱单!$A:$G,7,0) -> 9.525 | T59: =VLOOKUP($F59,[1]装箱单!$A:$J,10,0) -> 0.0057930126 | U59: =+T59*L59 -> 1.1586025
A60: 46032 | B60: JP NZ (DOM) | C60: POHK-25-20694 | E60: 0038 NZ | F60: 33490（18） | G60: 成品 | I60: 3600 | J60: 个 | K60: 装配 | L60: 200 | M60: =+U60 -> 1.1586025 | N60: 已 | Q60: =VLOOKUP($F60,[1]装箱单!$A:$E,5,0) -> 32.385 | R60: =VLOOKUP($F60,[1]装箱单!$A:$F,6,0) -> 18.78 | S60: =VLOOKUP($F60,[1]装箱单!$A:$G,7,0) -> 9.525 | T60: =VLOOKUP($F60,[1]装箱单!$A:$J,10,0) -> 0.0057930126 | U60: =+T60*L60 -> 1.1586025
A61: 46032 | B61: JP NZ (DOM) | C61: POHK-25-20694 | E61: 0038 NZ | F61: 33475（18） | G61: 成品 | I61: 3600 | J61: 个 | K61: 装配 | L61: 200 | M61: =+U61 -> 1.1586025 | N61: 已 | Q61: =VLOOKUP($F61,[1]装箱单!$A:$E,5,0) -> 32.385 | R61: =VLOOKUP($F61,[1]装箱单!$A:$F,6,0) -> 18.78 | S61: =VLOOKUP($F61,[1]装箱单!$A:$G,7,0) -> 9.525 | T61: =VLOOKUP($F61,[1]装箱单!$A:$J,10,0) -> 0.0057930126 | U61: =+T61*L61 -> 1.1586025
A62: 46032 | B62: JP NZ (DOM) | C62: POHK-25-20694 | E62: 0038 NZ | F62: 33475（18） | G62: 成品 | I62: 3600 | J62: 个 | K62: 装配 | L62: 200 | M62: =+U62 -> 1.1586025 | N62: 已 | Q62: =VLOOKUP($F62,[1]装箱单!$A:$E,5,0) -> 32.385 | R62: =VLOOKUP($F62,[1]装箱单!$A:$F,6,0) -> 18.78 | S62: =VLOOKUP($F62,[1]装箱单!$A:$G,7,0) -> 9.525 | T62: =VLOOKUP($F62,[1]装箱单!$A:$J,10,0) -> 0.0057930126 | U62: =+T62*L62 -> 1.1586025
A63: 46032 | B63: BMI | C63: POHK-25-18549 | E63: PO050078 | F63: 33415（36） | G63: 成品 | I63: 14004 | J63: 个 | K63: 装配 | L63: 389 | M63: =+U63 -> 4.0339062 | N63: 已 | Q63: =VLOOKUP($F63,[1]装箱单!$A:$E,5,0) -> 31.75 | R63: =VLOOKUP($F63,[1]装箱单!$A:$F,6,0) -> 17.145 | S63: =VLOOKUP($F63,[1]装箱单!$A:$G,7,0) -> 19.05 | T63: =VLOOKUP($F63,[1]装箱单!$A:$J,10,0) -> 0.010369939 | U63: =+T63*L63 -> 4.0339062
A64: 46032 | B64: BMI | C64: POHK-25-18549 | E64: PO050078 | F64: 26850（48） | G64: 成品 | I64: 24000 | J64: 个 | K64: 装配 | L64: =+I64/48 -> 500 | M64: =+U64 -> 7.3933824 | N64: 已 | Q64: =VLOOKUP($F64,[1]装箱单!$A:$E,5,0) -> 34.925 | R64: =VLOOKUP($F64,[1]装箱单!$A:$F,6,0) -> 22.225 | S64: =VLOOKUP($F64,[1]装箱单!$A:$G,7,0) -> 19.05 | T64: =VLOOKUP($F64,[1]装箱单!$A:$J,10,0) -> 0.014786765 | U64: =+T64*L64 -> 7.3933824
A65: 46032 | B65: WM（Modset） | C65: POHK-25-19082 | E65: 954188910 | F65: 28481 | G65: 成品 | I65: =+L65*4 -> 1636 | J65: 套 | K65: 装配 | L65: 409 | M65: =+U65 -> 4.1226252 | N65: 已 | Q65: =VLOOKUP($F65,[1]装箱单!$A:$E,5,0) -> 23.81 | R65: =VLOOKUP($F65,[1]装箱单!$A:$F,6,0) -> 17.78 | S65: =VLOOKUP($F65,[1]装箱单!$A:$G,7,0) -> 23.81 | T65: =VLOOKUP($F65,[1]装箱单!$A:$J,10,0) -> 0.010079768 | U65: =+T65*L65 -> 4.1226252
A66: 46032 | B66: Five Below | C66: POHK-25-20272 | E66: 5925679 | F66: 33490（36） | G66: 成品 | I66: 100008 | J66: 个 | K66: 装配 | L66: 2778 | M66: =+U66 -> 34.281446 | N66: 已 | Q66: =VLOOKUP($F66,[1]装箱单!$A:$E,5,0) -> 33.02 | R66: =VLOOKUP($F66,[1]装箱单!$A:$F,6,0) -> 18.41 | S66: =VLOOKUP($F66,[1]装箱单!$A:$G,7,0) -> 20.3 | T66: =VLOOKUP($F66,[1]装箱单!$A:$J,10,0) -> 0.012340333 | U66: =+T66*L66 -> 34.281446
A67: 46032 | B67: Five Below | C67: POHK-25-20269 | E67: 5930893 | F67: 33475（36） | G67: 成品 | I67: 100008 | J67: 个 | K67: 装配 | L67: 2778 | M67: =+U67 -> 32.995405 | N67: 已 | Q67: =VLOOKUP($F67,[1]装箱单!$A:$E,5,0) -> 31.75 | R67: =VLOOKUP($F67,[1]装箱单!$A:$F,6,0) -> 18.41 | S67: =VLOOKUP($F67,[1]装箱单!$A:$G,7,0) -> 20.32 | T67: =VLOOKUP($F67,[1]装箱单!$A:$J,10,0) -> 0.011877396 | U67: =+T67*L67 -> 32.995405
A68: 46032 | C68: 船头版 | F68: 33410 | G68: 成品 | I68: 400 | J68: 个 | K68: 装配 | L68: 1 | M68: 1
A69: 46032 | C69: 船头版 | F69: 33465 | G69: 成品 | I69: 96 | J69: 个 | K69: 装配 | L69: =+I69/24 -> 4
M70: =SUM(M46:M69) -> 122.40637
A71: 46035 | B71: JPLLC (Amazon) | C71: POHK-25-20556 | E71: 6777-R0-AMZ | F71: 11884 | G71: 成品 | I71: 1008 | J71: 个 | K71: 装配 | L71: 42 | M71: =+U71 -> 0.6010881 | N71: 已 | P71: 司机：张海平 车牌；川SC7370 车挂： 电话：15268367407 | Q71: =VLOOKUP($F71,[1]装箱单!$A:$E,5,0) -> 25.72 | R71: =VLOOKUP($F71,[1]装箱单!$A:$F,6,0) -> 19.69 | S71: =VLOOKUP($F71,[1]装箱单!$A:$G,7,0) -> 28.26 | T71: =VLOOKUP($F71,[1]装箱单!$A:$J,10,0) -> 0.014311621 | U71: =+T71*L71 -> 0.6010881
A72: 46035 | B72: Domestic | C72: 43654 | F72: 320398 | G72: 成品 | I72: =+L72*4 -> 6000 | J72: 套 | K72: 装配 | L72: 1500 | M72: =+U72 -> 15.435 | N72: 已 | Q72: =VLOOKUP($F72,[1]装箱单!$A:$E,5,0) -> 24.5 | R72: =VLOOKUP($F72,[1]装箱单!$A:$F,6,0) -> 21 | S72: =VLOOKUP($F72,[1]装箱单!$A:$G,7,0) -> 20 | T72: =VLOOKUP($F72,[1]装箱单!$A:$J,10,0) -> 0.01029 | U72: =+T72*L72 -> 15.435
A73: 46035 | B73: Domestic | C73: 43654 | F73: 320401 | G73: 成品 | I73: =+L73*4 -> 6000 | J73: 套 | K73: 装配 | L73: 1500 | M73: =+U73 -> 15.435 | N73: 已 | Q73: =VLOOKUP($F73,[1]装箱单!$A:$E,5,0) -> 24.5 | R73: =VLOOKUP($F73,[1]装箱单!$A:$F,6,0) -> 21 | S73: =VLOOKUP($F73,[1]装箱单!$A:$G,7,0) -> 20 | T73: =VLOOKUP($F73,[1]装箱单!$A:$J,10,0) -> 0.01029 | U73: =+T73*L73 -> 15.435
A74: 46035 | B74: Domestic | C74: 44133 | F74: 320405 | G74: 成品 | I74: =+L74*3 -> 1002 | J74: 个 | K74: 装配 | L74: 334 | M74: =+U74 -> 5.68134 | N74: 已 | Q74: =VLOOKUP($F74,[1]装箱单!$A:$E,5,0) -> 31.5 | R74: =VLOOKUP($F74,[1]装箱单!$A:$F,6,0) -> 27 | S74: =VLOOKUP($F74,[1]装箱单!$A:$G,7,0) -> 20 | T74: =VLOOKUP($F74,[1]装箱单!$A:$J,10,0) -> 0.01701 | U74: =+T74*L74 -> 5.68134
A75: 46035 | B75: Domestic | C75: 44133 | F75: 320628 | G75: 成品 | I75: =+L75*4 -> 3000 | J75: 个 | K75: 装配 | L75: 750 | M75: =+U75 -> 7.0872858 | N75: 已 | Q75: =VLOOKUP($F75,[1]装箱单!$A:$E,5,0) -> 25.75 | R75: =VLOOKUP($F75,[1]装箱单!$A:$F,6,0) -> 17.78 | S75: =VLOOKUP($F75,[1]装箱单!$A:$G,7,0) -> 20.64 | T75: =VLOOKUP($F75,[1]装箱单!$A:$J,10,0) -> 0.0094497144 | U75: =+T75*L75 -> 7.0872858
A76: 46035 | B76: Domestic | C76: 43654 | F76: 320635 | G76: 成品 | I76: =+L76*2 -> 4320 | J76: 个 | K76: 装配 | L76: 2160 | M76: =+U76 -> 34.099351 | N76: 已 | Q76: =VLOOKUP($F76,[1]装箱单!$A:$E,5,0) -> 35.18 | R76: =VLOOKUP($F76,[1]装箱单!$A:$F,6,0) -> 27.18 | S76: =VLOOKUP($F76,[1]装箱单!$A:$G,7,0) -> 16.51 | T76: =VLOOKUP($F76,[1]装箱单!$A:$J,10,0) -> 0.015786737 | U76: =+T76*L76 -> 34.099351
A77: 46035 | B77: Domestic | C77: 43654 | F77: 470194 | G77: 成品 | I77: =+L77*2 -> 2612 | J77: 个 | K77: 装配 | L77: 1306 | M77: =+U77 -> 52.968726 | N77: 已 | Q77: =VLOOKUP($F77,[1]装箱单!$A:$E,5,0) -> 41.91 | R77: =VLOOKUP($F77,[1]装箱单!$A:$F,6,0) -> 31.75 | S77: =VLOOKUP($F77,[1]装箱单!$A:$G,7,0) -> 30.48 | T77: =VLOOKUP($F77,[1]装箱单!$A:$J,10,0) -> 0.040557983 | U77: =+T77*L77 -> 52.968726
M78: =SUM(M71:M77) -> 131.30779
A79: 46036 | B79: Domestic | C79: 43654 | F79: 470725 | G79: 成品 | I79: =+L79*4 -> 6000 | J79: 套 | K79: 装配 | L79: 1500 | M79: =+U79 -> 16.065 | N79: 已 | P79: 车牌:川SF2000 渠县到塘厦 车型：17.5x3x3厢车 司机：罗 电话：15908286538 | Q79: =VLOOKUP($F79,[1]装箱单!$A:$E,5,0) -> 25.5 | R79: =VLOOKUP($F79,[1]装箱单!$A:$F,6,0) -> 21 | S79: =VLOOKUP($F79,[1]装箱单!$A:$G,7,0) -> 20 | T79: =VLOOKUP($F79,[1]装箱单!$A:$J,10,0) -> 0.01071 | U79: =+T79*L79 -> 16.065
A80: 46036 | B80: Domestic | C80: 43654 | F80: 320923 | G80: 成品 | I80: =+L80*2 -> 2880 | J80: 个 | K80: 装配 | L80: 1440 | M80: =+U80 -> 37.929702 | N80: 已 | Q80: =VLOOKUP($F80,[1]装箱单!$A:$E,5,0) -> 39.94 | R80: =VLOOKUP($F80,[1]装箱单!$A:$F,6,0) -> 30.1 | S80: =VLOOKUP($F80,[1]装箱单!$A:$G,7,0) -> 21.91 | T80: =VLOOKUP($F80,[1]装箱单!$A:$J,10,0) -> 0.026340071 | U80: =+T80*L80 -> 37.929702
A81: 46036 | B81: Domestic | C81: 43654 | F81: 320916 | G81: 成品 | I81: =+L81*2 -> 4960 | J81: 个 | K81: 装配 | L81: 2480 | M81: =+U81 -> 64.007872 | N81: 已 | Q81: =VLOOKUP($F81,[1]装箱单!$A:$E,5,0) -> 38.1 | R81: =VLOOKUP($F81,[1]装箱单!$A:$F,6,0) -> 30.48 | S81: =VLOOKUP($F81,[1]装箱单!$A:$G,7,0) -> 22.225 | T81: =VLOOKUP($F81,[1]装箱单!$A:$J,10,0) -> 0.025809626 | U81: =+T81*L81 -> 64.007872
A82: 46036 | B82: Domestic | C82: 43654 | F82: 320635 | G82: 成品 | I82: =+L82*2 -> 1680 | J82: 个 | K82: 装配 | L82: =3000-2160 -> 840 | M82: =+U82 -> 13.260859 | N82: 已 | Q82: =VLOOKUP($F82,[1]装箱单!$A:$E,5,0) -> 35.18 | R82: =VLOOKUP($F82,[1]装箱单!$A:$F,6,0) -> 27.18 | S82: =VLOOKUP($F82,[1]装箱单!$A:$G,7,0) -> 16.51 | T82: =VLOOKUP($F82,[1]装箱单!$A:$J,10,0) -> 0.015786737 | U82: =+T82*L82 -> 13.260859
A83: 46036 | B83: Domestic | C83: 43654 | F83: 470194 | G83: 成品 | I83: =+L83*2 -> 388 | J83: 个 | K83: 装配 | L83: =1500-1306 -> 194 | M83: =+U83 -> 7.8682488 | N83: 已 | Q83: =VLOOKUP($F83,[1]装箱单!$A:$E,5,0) -> 41.91 | R83: =VLOOKUP($F83,[1]装箱单!$A:$F,6,0) -> 31.75 | S83: =VLOOKUP($F83,[1]装箱单!$A:$G,7,0) -> 30.48 | T83: =VLOOKUP($F83,[1]装箱单!$A:$J,10,0) -> 0.040557983 | U83: =+T83*L83 -> 7.8682488
A84: 46036 | B84: Amazon US | C84: POHK-25-20306 | E84: 5LAISYOH/7AAMNMTM | F84: 11369(4) | G84: 成品 | I84: =+L84*4 -> 488 | J84: 个 | K84: 装配 | L84: 122 | M84: 12 | N84: 已 | Q84: =VLOOKUP($F84,[1]装箱单!$A:$E,5,0) -> #N/A | R84: =VLOOKUP($F84,[1]装箱单!$A:$F,6,0) -> #N/A | S84: =VLOOKUP($F84,[1]装箱单!$A:$G,7,0) -> #N/A | T84: =VLOOKUP($F84,[1]装箱单!$A:$J,10,0) -> #N/A | U84: =+T84*L84 -> #N/A
A85: 46036 | F85: PP | G85: 原料 | I85: 50 | J85: KG | K85: 装配 | L85: 2
A86: 46036 | F86: HDPE | G86: 原料 | I86: 25 | J86: KG | K86: 装配 | L86: 1
M87: =SUM(M79:M84) -> 151.13168
A88: 46037 | B88: WM（Modset） | C88: POHK-25-19087 | E88: 0954188923 | F88: 28481 | G88: 成品 | I88: =+L88*4 -> 1572 | J88: 个 | K88: 装配 | L88: 393 | M88: =+U88 -> 3.9613489 | N88: 已 | P88: 车牌:川S.G2121 司机：蔡旭 电话：15881855371 | Q88: =VLOOKUP($F88,[1]装箱单!$A:$E,5,0) -> 23.81 | R88: =VLOOKUP($F88,[1]装箱单!$A:$F,6,0) -> 17.78 | S88: =VLOOKUP($F88,[1]装箱单!$A:$G,7,0) -> 23.81 | T88: =VLOOKUP($F88,[1]装箱单!$A:$J,10,0) -> 0.010079768 | U88: =+T88*L88 -> 3.9613489
A89: 46037 | B89: Just Play Europe B.V. | C89: POHK-25-20819 | E89: 00136-R0-POL | F89: 33490（18） | G89: 成品 | I89: =+L89*18 -> 4014 | J89: 个 | K89: 装配 | L89: 223 | M89: =+U89 -> 1.2918418 | N89: 已 | Q89: =VLOOKUP($F89,[1]装箱单!$A:$E,5,0) -> 32.385 | R89: =VLOOKUP($F89,[1]装箱单!$A:$F,6,0) -> 18.78 | S89: =VLOOKUP($F89,[1]装箱单!$A:$G,7,0) -> 9.525 | T89: =VLOOKUP($F89,[1]装箱单!$A:$J,10,0) -> 0.0057930126 | U89: =+T89*L89 -> 1.2918418
A90: 46037 | B90: Disney USA | C90: POHK-25-19908 | E90: CD109 | F90: 33490（18） | G90: 成品 | I90: =+L90*18 -> 2286 | J90: 个 | K90: 装配 | L90: 127 | M90: =+U90 -> 0.7357126 | N90: 已 | Q90: =VLOOKUP($F90,[1]装箱单!$A:$E,5,0) -> 32.385 | R90: =VLOOKUP($F90,[1]装箱单!$A:$F,6,0) -> 18.78 | S90: =VLOOKUP($F90,[1]装箱单!$A:$G,7,0) -> 9.525 | T90: =VLOOKUP($F90,[1]装箱单!$A:$J,10,0) -> 0.0057930126 | U90: =+T90*L90 -> 0.7357126
A91: 46037 | B91: Disney USA | C91: POHK-25-19909 | E91: CD114 | F91: 33490（18） | G91: 成品 | I91: =+L91*18 -> 2142 | J91: 个 | K91: 装配 | L91: 119 | M91: =+U91 -> 0.6893685 | N91: 已 | Q91: =VLOOKUP($F91,[1]装箱单!$A:$E,5,0) -> 32.385 | R91: =VLOOKUP($F91,[1]装箱单!$A:$F,6,0) -> 18.78 | S91: =VLOOKUP($F91,[1]装箱单!$A:$G,7,0) -> 9.525 | T91: =VLOOKUP($F91,[1]装箱单!$A:$J,10,0) -> 0.0057930126 | U91: =+T91*L91 -> 0.6893685
A92: 46037 | B92: Just Play Europe B.V. | C92: POHK-25-20819 | E92: 00136-R0-POL | F92: 33475（18） | G92: 成品 | I92: 4014 | J92: 个 | K92: 装配 | L92: 223 | M92: =+U92 -> 1.2918418 | N92: 已 | Q92: =VLOOKUP($F92,[1]装箱单!$A:$E,5,0) -> 32.385 | R92: =VLOOKUP($F92,[1]装箱单!$A:$F,6,0) -> 18.78 | S92: =VLOOKUP($F92,[1]装箱单!$A:$G,7,0) -> 9.525 | T92: =VLOOKUP($F92,[1]装箱单!$A:$J,10,0) -> 0.0057930126 | U92: =+T92*L92 -> 1.2918418
A93: 46037 | B93: Target AU | C93: POHK-25-15043 | E93: 2515578 | F93: 46132 | G93: 成品 | I93: 1500 | J93: 个 | K93: 装配 | L93: 750 | M93: =+U93 -> 16.774289 | N93: 已 | Q93: =VLOOKUP($F93,[1]装箱单!$A:$E,5,0) -> 40.01 | R93: =VLOOKUP($F93,[1]装箱单!$A:$F,6,0) -> 26.67 | S93: =VLOOKUP($F93,[1]装箱单!$A:$G,7,0) -> 20.96 | T93: =VLOOKUP($F93,[1]装箱单!$A:$J,10,0) -> 0.022365718 | U93: =+T93*L93 -> 16.774289
A94: 46037 | B94: Target AU | C94: POHK-25-15054 | E94: 2516002 | F94: 46097 | G94: 成品 | I94: 1500 | J94: 个 | K94: 装配 | L94: 750 | M94: =+U94 -> 16.774289 | N94: 已 | Q94: =VLOOKUP($F94,[1]装箱单!$A:$E,5,0) -> 40.01 | R94: =VLOOKUP($F94,[1]装箱单!$A:$F,6,0) -> 26.67 | S94: =VLOOKUP($F94,[1]装箱单!$A:$G,7,0) -> 20.96 | T94: =VLOOKUP($F94,[1]装箱单!$A:$J,10,0) -> 0.022365718 | U94: =+T94*L94 -> 16.774289
A95: 46037 | B95: Target AU | C95: POHK-25-15044 | E95: 2515579 | F95: 46092 | G95: 成品 | I95: 1500 | J95: 个 | K95: 装配 | L95: 750 | M95: =+U95 -> 16.774289 | N95: 已 | Q95: =VLOOKUP($F95,[1]装箱单!$A:$E,5,0) -> 40.01 | R95: =VLOOKUP($F95,[1]装箱单!$A:$F,6,0) -> 26.67 | S95: =VLOOKUP($F95,[1]装箱单!$A:$G,7,0) -> 20.96 | T95: =VLOOKUP($F95,[1]装箱单!$A:$J,10,0) -> 0.022365718 | U95: =+T95*L95 -> 16.774289
A96: 46037 | B96: JPLLC (Golden link) | C96: POHK-25-19454 | E96: 6767-R0-GLDNLIN | F96: 33490（18） | G96: 成品 | I96: =+L96*18 -> 18000 | J96: 个 | K96: 装配 | L96: 1000 | M96: =+U96 -> 5.7930126 | N96: 已 | O96: 必走 | Q96: =VLOOKUP($F96,[1]装箱单!$A:$E,5,0) -> 32.385 | R96: =VLOOKUP($F96,[1]装箱单!$A:$F,6,0) -> 18.78 | S96: =VLOOKUP($F96,[1]装箱单!$A:$G,7,0) -> 9.525 | T96: =VLOOKUP($F96,[1]装箱单!$A:$J,10,0) -> 0.0057930126 | U96: =+T96*L96 -> 5.7930126
A97: 46037 | B97: JPLLC(CVS) | C97: POHK-25-21147 | E97: 6791-R0-CVS | F97: 33735（12） | G97: 成品 | I97: 36000 | J97: 个 | K97: 装配 | L97: 3000 | M97: =+U97 -> 14.873625 | N97: 已 | O97: 必走 | Q97: =VLOOKUP($F97,[1]装箱单!$A:$E,5,0) -> 22.5 | R97: =VLOOKUP($F97,[1]装箱单!$A:$F,6,0) -> 19.5 | S97: =VLOOKUP($F97,[1]装箱单!$A:$G,7,0) -> 11.3 | T97: =VLOOKUP($F97,[1]装箱单!$A:$J,10,0) -> 0.004957875 | U97: =+T97*L97 -> 14.873625
A98: 46037 | B98: WMUS | C98: POHK-25-20045 | E98: 0956713417 | F98: 28466 | G98: 成品 | I98: =+L98*2 -> 1560 | J98: 个 | K98: 装配 | L98: 780 | M98: =+U98 -> 13.104 | N98: 已 | Q98: =VLOOKUP($F98,[1]装箱单!$A:$E,5,0) -> 30 | R98: =VLOOKUP($F98,[1]装箱单!$A:$F,6,0) -> 20 | S98: =VLOOKUP($F98,[1]装箱单!$A:$G,7,0) -> 28 | T98: =VLOOKUP($F98,[1]装箱单!$A:$J,10,0) -> 0.0168 | U98: =+T98*L98 -> 13.104
A99: 46037 | B99: WMUS | C99: POHK-25-20049 | E99: 0956713490 | F99: 28466 | G99: 成品 | I99: =+L99*2 -> 1440 | J99: 个 | K99: 装配 | L99: 720 | M99: =+U99 -> 12.096 | N99: 已 | Q99: =VLOOKUP($F99,[1]装箱单!$A:$E,5,0) -> 30 | R99: =VLOOKUP($F99,[1]装箱单!$A:$F,6,0) -> 20 | S99: =VLOOKUP($F99,[1]装箱单!$A:$G,7,0) -> 28 | T99: =VLOOKUP($F99,[1]装箱单!$A:$J,10,0) -> 0.0168 | U99: =+T99*L99 -> 12.096
A100: 46037 | B100: WMUS | C100: P0HK-25-20050 | E100: 0956713492 | F100: 28466 | G100: 成品 | I100: =+L100*2 -> 1080 | J100: 个 | K100: 装配 | L100: 540 | M100: =+U100 -> 9.072 | N100: 已 | Q100: =VLOOKUP($F100,[1]装箱单!$A:$E,5,0) -> 30 | R100: =VLOOKUP($F100,[1]装箱单!$A:$F,6,0) -> 20 | S100: =VLOOKUP($F100,[1]装箱单!$A:$G,7,0) -> 28 | T100: =VLOOKUP($F100,[1]装箱单!$A:$J,10,0) -> 0.0168 | U100: =+T100*L100 -> 9.072
...

Sheet 2026年6月
A1: 成品当日发货清单
A2: 工厂地址：四川省达州市渠县经济开发区 | G2: 制单人：代艳 | I2: 联系电话1368664967 | K2: 备注：装车时按从上下到的顺序装车 | Q2: CARTON DIMENSIONS | T2: CRTN CBM (M3) | U2: TOTAL CBM (M3)
A3: 发车日期 | B3: 客户 | C3: 生产单号 | D3: 销售单号 | E3: PO.NO | F3: 款号 | G3: 产品名称 | H3: 总箱数 | I3: 实发数量 | J3: 单位 | K3: 产地 | L3: 件数 | M3: CBM | N3: 是否验货 | O3: 备注 | P3: 运输方式 | Q3: L (cm) | R3: W (cm) | S3: H (cm)
A4: 46175 | B4: SMYTHS UK | C4: POHK-26-02582 | D4: XSDD000201 | E4: 4400545904 | F4: 46496 | G4: =VLOOKUP(F4,[1]装箱单!$A:$C,3,0) -> 米妮系列 | H4: 1232 | I4: =+L4*2 -> 2464 | J4: 套 | K4: 装配 | L4: 1232 | M4: =+U4 -> 27.554565 | N4: 已 | P4: 车牌：川S80435 挂号：川S4486 司机：秦学川 电话：15808181018 | Q4: =VLOOKUP($F4,[1]装箱单!$A:$E,5,0) -> 40.01 | R4: =VLOOKUP($F4,[1]装箱单!$A:$F,6,0) -> 26.67 | S4: =VLOOKUP($F4,[1]装箱单!$A:$G,7,0) -> 20.96 | T4: =VLOOKUP($F4,[1]装箱单!$A:$J,10,0) -> 0.022365718 | U4: =+T4*L4 -> 27.554565
A5: 46175 | B5: B&M UK | C5: POHK-26-03482 | D5: XSDD000254 | E5: 02460228/1 | F5: 46132 | G5: =VLOOKUP(F5,[1]装箱单!$A:$C,3,0) -> 赛车总动员系列 | H5: 1737 | I5: =+L5*2 -> 3474 | J5: 套 | K5: 装配 | L5: 1737 | M5: =+U5 -> 38.849252 | N5: 已 | Q5: =VLOOKUP($F5,[1]装箱单!$A:$E,5,0) -> 40.01 | R5: =VLOOKUP($F5,[1]装箱单!$A:$F,6,0) -> 26.67 | S5: =VLOOKUP($F5,[1]装箱单!$A:$G,7,0) -> 20.96 | T5: =VLOOKUP($F5,[1]装箱单!$A:$J,10,0) -> 0.022365718 | U5: =+T5*L5 -> 38.849252
A6: 46175 | B6: B&M UK | C6: POHK-26-03484 | D6: XSDD000254 | E6: 02460286/1 | F6: 46132 | G6: =VLOOKUP(F6,[1]装箱单!$A:$C,3,0) -> 赛车总动员系列 | H6: 1737 | I6: =+L6*2 -> 3474 | J6: 套 | K6: 装配 | L6: 1737 | M6: =+U6 -> 38.849252 | N6: 已 | Q6: =VLOOKUP($F6,[1]装箱单!$A:$E,5,0) -> 40.01 | R6: =VLOOKUP($F6,[1]装箱单!$A:$F,6,0) -> 26.67 | S6: =VLOOKUP($F6,[1]装箱单!$A:$G,7,0) -> 20.96 | T6: =VLOOKUP($F6,[1]装箱单!$A:$J,10,0) -> 0.022365718 | U6: =+T6*L6 -> 38.849252
A7: 46175 | B7: Disney Theme Park | C7: POHK-26-10052 | D7: XSDD000470 | E7: L-9684413 | F7: 33708（8） | G7: =VLOOKUP(F7,[1]装箱单!$A:$C,3,0) -> 搪胶小鸭 | H7: 375 | I7: 3000 | J7: 个 | K7: 装配 | L7: 375 | M7: =+U7 -> 2.9552737 | N7: 已 | Q7: =VLOOKUP($F7,[1]装箱单!$A:$E,5,0) -> 33 | R7: =VLOOKUP($F7,[1]装箱单!$A:$F,6,0) -> 16.7 | S7: =VLOOKUP($F7,[1]装箱单!$A:$G,7,0) -> 14.3 | T7: =VLOOKUP($F7,[1]装箱单!$A:$J,10,0) -> 0.00788073 | U7: =+T7*L7 -> 2.9552737
A8: 46175 | B8: Disney Theme Park | C8: POHK-26-02815 | D8: XSDD000140 | E8: L-9666976 | F8: 33475（18） | G8: =VLOOKUP(F8,[1]装箱单!$A:$C,3,0) -> 鸭子 | H8: 7028 | I8: =+L8*18 -> 74970 | J8: 个 | K8: 装配 | L8: =7028-2863 -> 4165 | M8: =+U8 -> 24.127898 | N8: 已 | Q8: =VLOOKUP($F8,[1]装箱单!$A:$E,5,0) -> 32.385 | R8: =VLOOKUP($F8,[1]装箱单!$A:$F,6,0) -> 18.78 | S8: =VLOOKUP($F8,[1]装箱单!$A:$G,7,0) -> 9.525 | T8: =VLOOKUP($F8,[1]装箱单!$A:$J,10,0) -> 0.0057930126 | U8: =+T8*L8 -> 24.127898
M9: =SUM(M4:M8) -> 132.33624
A10: 46178 | B10: Amazon US | C10: POHK-26-09083 | D10: XSDD000335 | E10: 001-R0-AMZCA | F10: 12369（3） | G10: =VLOOKUP(F10,[1]装箱单!$A:$C,3,0) -> 摇摆米奇 | H10: 100 | I10: =+L10*3 -> 300 | J10: 个 | K10: 装配 | L10: 100 | M10: =+U10 -> 7.5620155 | N10: 已 | P10: 车牌：川S80435 挂号：川S4486 司机：秦学川 电话：15808181018 | Q10: =VLOOKUP($F10,[1]装箱单!$A:$E,5,0) -> 48.26 | R10: =VLOOKUP($F10,[1]装箱单!$A:$F,6,0) -> 36.83 | S10: =VLOOKUP($F10,[1]装箱单!$A:$G,7,0) -> 42.545 | T10: =VLOOKUP($F10,[1]装箱单!$A:$J,10,0) -> 0.075620155 | U10: =+T10*L10 -> 7.5620155
A11: 46178 | B11: The Warehouse | C11: POHK-26-01987 | D11: XSDD000154 | E11: 29556931 | F11: 28458 | G11: =VLOOKUP(F11,[1]装箱单!$A:$C,3,0) -> 五款硅胶手感球 | H11: 600 | I11: =+L11*3 -> 600 | J11: 套 | K11: 装配 | L11: 200 | M11: =+U11 -> 4.1660717 | N11: 已 | Q11: =VLOOKUP($F11,[1]装箱单!$A:$E,5,0) -> 26.99 | R11: =VLOOKUP($F11,[1]装箱单!$A:$F,6,0) -> 27.31 | S11: =VLOOKUP($F11,[1]装箱单!$A:$G,7,0) -> 28.26 | T11: =VLOOKUP($F11,[1]装箱单!$A:$J,10,0) -> 0.020830358 | U11: =+T11*L11 -> 4.1660717
A12: 46178 | B12: The Warehouse | C12: POHK-26-01987 | D12: XSDD000154 | E12: 29556931 | F12: 28472 | G12: =VLOOKUP(F12,[1]装箱单!$A:$C,3,0) -> 狮子 | H12: 600 | I12: 600 | J12: 个 | K12: 装配 | L12: 600 | M12: =+U12 -> 11.016 | N12: 已 | Q12: =VLOOKUP($F12,[1]装箱单!$A:$E,5,0) -> 30 | R12: =VLOOKUP($F12,[1]装箱单!$A:$F,6,0) -> 17 | S12: =VLOOKUP($F12,[1]装箱单!$A:$G,7,0) -> 36 | T12: =VLOOKUP($F12,[1]装箱单!$A:$J,10,0) -> 0.01836 | U12: =+T12*L12 -> 11.016
A13: 46178 | B13: The Warehouse | C13: POHK-26-01987 | D13: XSDD000154 | E13: 29556931 | F13: 28483 | G13: =VLOOKUP(F13,[1]装箱单!$A:$C,3,0) -> 振动球 | H13: 600 | I13: 600 | J13: 个 | K13: 装配 | L13: 600 | M13: =+U13 -> 3.463614 | N13: 已 | Q13: =VLOOKUP($F13,[1]装箱单!$A:$E,5,0) -> 16.83 | R13: =VLOOKUP($F13,[1]装箱单!$A:$F,6,0) -> 17.15 | S13: =VLOOKUP($F13,[1]装箱单!$A:$G,7,0) -> 20 | T13: =VLOOKUP($F13,[1]装箱单!$A:$J,10,0) -> 0.00577269 | U13: =+T13*L13 -> 3.463614
A14: 46178 | B14: Kohls （送华康） | C14: POHK-26-04355 | D14: XSDD000280 | E14: 984878580 | F14: 46857 | G14: =VLOOKUP(F14,[1]装箱单!$A:$C,3,0) -> 33477外星史迪仔 | H14: 70*66+30 | I14: 550 | J14: 个 | K14: 装配 | L14: 67 | N14: 已 | O14: 4650
A15: 46178 | B15: Kohls （送华康） | C15: POHK-26-04353 | D15: XSDD000278 | E15: 984878461 | F15: 46857 | G15: =VLOOKUP(F15,[1]装箱单!$A:$C,3,0) -> 33477外星史迪仔 | I15: 770 | J15: 个 | K15: 装配 | N15: 已
A16: 46178 | B16: Kohls （送华康） | C16: POHK-26-04354 | D16: XSDD000279 | E16: 984878548 | F16: 46857 | G16: =VLOOKUP(F16,[1]装箱单!$A:$C,3,0) -> 33477外星史迪仔 | I16: 550 | J16: 个 | K16: 装配 | N16: 已
A17: 46178 | B17: Kohls （送华康） | C17: POHK-26-04364 | D17: XSDD000291 | E17: 984878611 | F17: 46857 | G17: =VLOOKUP(F17,[1]装箱单!$A:$C,3,0) -> 33477外星史迪仔 | I17: =550-26 -> 524 | J17: 个 | K17: 装配 | M17: 1 | N17: 已
A18: 46178 | B18: Kohls （送华康） | C18: POHK-26-05228 | D18: XSDD000556 | E18: PO013819 | F18: 46886 | G18: =VLOOKUP(F18,[1]装箱单!$A:$C,3,0) -> 33477外星史迪仔 | I18: 1000 | J18: 个 | K18: 装配 | N18: 已
A19: 46178 | B19: Kohls （送华康） | C19: POHK-26-09115 | D19: XSDD000557 | E19: PO014156 | F19: 46886 | G19: =VLOOKUP(F19,[1]装箱单!$A:$C,3,0) -> 33477外星史迪仔 | I19: 300 | J19: 个 | K19: 装配 | N19: 已
A20: 46178 | B20: Kohls （送华康） | C20: POHK-26-08084 | D20: XSDD000411 | E20: 2000009967 | F20: 46886 | G20: =VLOOKUP(F20,[1]装箱单!$A:$C,3,0) -> 33477外星史迪仔 | I20: =1136-180 -> 956 | J20: 个 | K20: 装配 | N20: 已
A21: 46178 | B21: Kohls （送华康） | C21: POHK-26-04355 | D21: XSDD000280 | E21: 984878580 | F21: 46897 | G21: =VLOOKUP(F21,[1]装箱单!$A:$C,3,0) -> 33476天使 | H21: 80*36+20 | I21: 300 | J21: 个 | K21: 装配 | L21: 37 | N21: 已 | O21: 2900
A22: 46178 | B22: Kohls （送华康） | C22: POHK-26-04353 | D22: XSDD000278 | E22: 984878461 | F22: 46897 | G22: =VLOOKUP(F22,[1]装箱单!$A:$C,3,0) -> 33476天使 | I22: 400 | J22: 个 | K22: 装配 | N22: 已
A23: 46178 | B23: Kohls （送华康） | C23: POHK-26-04354 | D23: XSDD000279 | E23: 984878548 | F23: 46897 | G23: =VLOOKUP(F23,[1]装箱单!$A:$C,3,0) -> 33476天使 | I23: 300 | J23: 个 | K23: 装配 | N23: 已
A24: 46178 | B24: Kohls （送华康） | C24: POHK-26-04363 | D24: XSDD000290 | E24: 984878589 | F24: 46897 | G24: =VLOOKUP(F24,[1]装箱单!$A:$C,3,0) -> 33476天使 | I24: 300 | J24: 个 | K24: 装配 | N24: 已
A25: 46178 | B25: Kohls （送华康） | C25: POHK-26-04364 | D25: XSDD000291 | E25: 984878611 | F25: 46897 | G25: =VLOOKUP(F25,[1]装箱单!$A:$C,3,0) -> 33476天使 | I25: 300 | J25: 个 | K25: 装配 | N25: 已
A26: 46178 | B26: Kohls （送华康） | C26: POHK-26-04361 | D26: XSDD000288 | E26: 984878332 | F26: 46897 | G26: =VLOOKUP(F26,[1]装箱单!$A:$C,3,0) -> 33476天使 | I26: 200 | J26: 个 | K26: 装配 | N26: 已
A27: 46178 | B27: Kohls （送华康） | C27: POHK-26-04362 | D27: XSDD000289 | E27: 984878334 | F27: 46897 | G27: =VLOOKUP(F27,[1]装箱单!$A:$C,3,0) -> 33476天使 | I27: 200 | J27: 个 | K27: 装配 | N27: 已
A28: 46178 | B28: Kohls （送华康） | C28: POHK-26-05228 | D28: XSDD000556 | E28: PO013819 | F28: 46913-1 | G28: =VLOOKUP(F28,[1]装箱单!$A:$C,3,0) -> 33476天使 | I28: 900 | J28: 个 | K28: 装配 | N28: 已
A29: 46178 | B29: Kohls （送华康） | C29: POHK-26-05228 | D29: XSDD000556 | E29: PO013819 | F29: 46913-2 | G29: =VLOOKUP(F29,[1]装箱单!$A:$C,3,0) -> 33416史迪仔 | H29: 200+640+60 | I29: 900 | J29: 个 | K29: 装配 | L29: 10 | N29: 已 | O29: 900
A30: 46178 | B30: Kohls （送华康） | C30: POHK-26-06248 | D30: XSDD000325 | E30: 117403871 | F30: 46862 | G30: =VLOOKUP(F30,[1]装箱单!$A:$C,3,0) -> 荧光杰克 | H30: 80*90+200+320+153 | I30: 2640 | J30: 个 | K30: 装配 | L30: 96 | N30: 已 | O30: 7773
A31: 46178 | B31: Kohls （送华康） | C31: POHK-26-06249 | D31: XSDD000536 | E31: 117405873 | F31: 46862 | G31: =VLOOKUP(F31,[1]装箱单!$A:$C,3,0) -> 荧光杰克 | I31: 2640 | J31: 个 | K31: 装配 | N31: 已
A32: 46178 | B32: Kohls （送华康） | C32: POHK-26-09963 | D32: XSDD000510 | E32: 6870-R0-AMZ | F32: 46862 | G32: =VLOOKUP(F32,[1]装箱单!$A:$C,3,0) -> 荧光杰克 | I32: 840 | J32: 个 | K32: 装配 | M32: 1 | N32: 已
A33: 46178 | B33: Kohls （送华康） | C33: POHK-26-05034 | D33: XSDD000399 | E33: 7000995354 | F33: 46862 | G33: =VLOOKUP(F33,[1]装箱单!$A:$C,3,0) -> 荧光杰克 | I33: 500 | J33: 个 | K33: 装配 | N33: 已
A34: 46178 | B34: Kohls （送华康） | C34: POHK-26-05036 | D34: XSDD000551 | E34: 7000995356 | F34: 46862 | G34: =VLOOKUP(F34,[1]装箱单!$A:$C,3,0) -> 荧光杰克 | I34: 500 | J34: 个 | K34: 装配 | N34: 已
A35: 46178 | B35: Kohls （送华康） | C35: POHK-26-05037 | D35: XSDD000552 | E35: 7000995357 | F35: 46862 | G35: =VLOOKUP(F35,[1]装箱单!$A:$C,3,0) -> 荧光杰克 | I35: 653 | J35: 个 | K35: 装配 | N35: 已
A36: 46178 | B36: The Warehouse | C36: POHK-26-01987 | D36: XSDD000154 | E36: 29556931 | F36: 28481 | G36: =VLOOKUP(F36,[1]装箱单!$A:$C,3,0) -> 骰子 | H36: =+I36/4 -> 150 | I36: =+L36*4 -> 600 | J36: 套 | K36: 装配 | L36: 150 | M36: =+U36 -> 1.5119652 | N36: 已 | Q36: =VLOOKUP($F36,[1]装箱单!$A:$E,5,0) -> 23.81 | R36: =VLOOKUP($F36,[1]装箱单!$A:$F,6,0) -> 17.78 | S36: =VLOOKUP($F36,[1]装箱单!$A:$G,7,0) -> 23.81 | T36: =VLOOKUP($F36,[1]装箱单!$A:$J,10,0) -> 0.010079768 | U36: =+T36*L36 -> 1.5119652
A37: 46178 | B37: TJX (POE) | C37: POHK-26-11743 | D37: XSDD000517 | E37: 137054 | F37: 33454(48) | G37: =VLOOKUP(F37,[1]装箱单!$A:$C,3,0) -> 鸭子 | H37: 288 | I37: 13824 | J37: 个 | K37: 装配 | L37: 288 | M37: =+U37 -> 11.771474 | N37: 已 | Q37: =VLOOKUP($F37,[1]装箱单!$A:$E,5,0) -> 37.15 | R37: =VLOOKUP($F37,[1]装箱单!$A:$F,6,0) -> 33 | S37: =VLOOKUP($F37,[1]装箱单!$A:$G,7,0) -> 33.34 | T37: =VLOOKUP($F37,[1]装箱单!$A:$J,10,0) -> 0.040873173 | U37: =+T37*L37 -> 11.771474
A38: 46178 | B38: TJX (POE) | C38: POHK-26-11786 | D38: XSDD000516 | E38: 137058 | F38: 33454(48) | G38: =VLOOKUP(F38,[1]装箱单!$A:$C,3,0) -> 鸭子 | H38: 312 | I38: 14976 | J38: 个 | K38: 装配 | L38: 312 | M38: =+U38 -> 12.75243 | N38: 已 | Q38: =VLOOKUP($F38,[1]装箱单!$A:$E,5,0) -> 37.15 | R38: =VLOOKUP($F38,[1]装箱单!$A:$F,6,0) -> 33 | S38: =VLOOKUP($F38,[1]装箱单!$A:$G,7,0) -> 33.34 | T38: =VLOOKUP($F38,[1]装箱单!$A:$J,10,0) -> 0.040873173 | U38: =+T38*L38 -> 12.75243
A39: 46178 | B39: Auchan France | C39: POHK-26-06752 | D39: XSDD000420 | E39: 875099 | F39: 46134 | G39: =VLOOKUP(F39,[1]装箱单!$A:$C,3,0) -> 海洋奇缘系列 | H39: =+I39/2 -> 473 | I39: =+L39*2 -> 946 | J39: 套 | K39: 装配 | L39: 473 | M39: =+U39 -> 10.578985 | N39: 已 | Q39: =VLOOKUP($F39,[1]装箱单!$A:$E,5,0) -> 40.01 | R39: =VLOOKUP($F39,[1]装箱单!$A:$F,6,0) -> 26.67 | S39: =VLOOKUP($F39,[1]装箱单!$A:$G,7,0) -> 20.96 | T39: =VLOOKUP($F39,[1]装箱单!$A:$J,10,0) -> 0.022365718 | U39: =+T39*L39 -> 10.578985
A40: 46178 | B40: Auchan France | C40: POHK-26-06753 | D40: XSDD000421 | E40: 875100 | F40: 46134 | G40: =VLOOKUP(F40,[1]装箱单!$A:$C,3,0) -> 海洋奇缘系列 | H40: =+I40/2 -> 533 | I40: =+L40*2 -> 1066 | J40: 套 | K40: 装配 | L40: 533 | M40: =+U40 -> 11.920928 | N40: 已 | Q40: =VLOOKUP($F40,[1]装箱单!$A:$E,5,0) -> 40.01 | R40: =VLOOKUP($F40,[1]装箱单!$A:$F,6,0) -> 26.67 | S40: =VLOOKUP($F40,[1]装箱单!$A:$G,7,0) -> 20.96 | T40: =VLOOKUP($F40,[1]装箱单!$A:$J,10,0) -> 0.022365718 | U40: =+T40*L40 -> 11.920928
A41: 46178 | B41: Auchan France | C41: POHK-26-06844 | D41: XSDD000422 | E41: 875102 | F41: 46134 | G41: =VLOOKUP(F41,[1]装箱单!$A:$C,3,0) -> 海洋奇缘系列 | H41: =+I41/2 -> 495 | I41: =+L41*2 -> 990 | J41: 套 | K41: 装配 | L41: 495 | M41: =+U41 -> 11.07103 | N41: 已 | Q41: =VLOOKUP($F41,[1]装箱单!$A:$E,5,0) -> 40.01 | R41: =VLOOKUP($F41,[1]装箱单!$A:$F,6,0) -> 26.67 | S41: =VLOOKUP($F41,[1]装箱单!$A:$G,7,0) -> 20.96 | T41: =VLOOKUP($F41,[1]装箱单!$A:$J,10,0) -> 0.022365718 | U41: =+T41*L41 -> 11.07103
A42: 46178 | B42: WD Parks & Reosrt | C42: POHK-26-10931 | D42: XSDD000512 | E42: 7001315192 | F42: 33475（36） | G42: =VLOOKUP(F42,[1]装箱单!$A:$C,3,0) -> 搪胶小鸭 | H42: 28 | I42: =+L42*36 -> 1008 | J42: 个 | K42: 装配 | L42: 28 | M42: =+U42 -> 0.33256708 | N42: 已 | O42: 33423 | Q42: =VLOOKUP($F42,[1]装箱单!$A:$E,5,0) -> 31.75 | R42: =VLOOKUP($F42,[1]装箱单!$A:$F,6,0) -> 18.41 | S42: =VLOOKUP($F42,[1]装箱单!$A:$G,7,0) -> 20.32 | T42: =VLOOKUP($F42,[1]装箱单!$A:$J,10,0) -> 0.011877396 | U42: =+T42*L42 -> 0.33256708
A43: 46178 | B43: WD Parks & Reosrt | C43: POHK-26-10931 | D43: XSDD000512 | E43: 7001315192 | F43: 33475（36） | G43: =VLOOKUP(F43,[1]装箱单!$A:$C,3,0) -> 搪胶小鸭 | H43: 28 | I43: =+L43*36 -> 1008 | J43: 个 | K43: 装配 | L43: 28 | M43: =+U43 -> 0.33256708 | N43: 已 | O43: 33480 | Q43: =VLOOKUP($F43,[1]装箱单!$A:$E,5,0) -> 31.75 | R43: =VLOOKUP($F43,[1]装箱单!$A:$F,6,0) -> 18.41 | S43: =VLOOKUP($F43,[1]装箱单!$A:$G,7,0) -> 20.32 | T43: =VLOOKUP($F43,[1]装箱单!$A:$J,10,0) -> 0.011877396 | U43: =+T43*L43 -> 0.33256708
A44: 46178 | B44: WD Parks & Reosrt | C44: POHK-26-10931 | D44: XSDD000512 | E44: 7001315192 | F44: 33475（36） | G44: =VLOOKUP(F44,[1]装箱单!$A:$C,3,0) -> 搪胶小鸭 | H44: 28 | I44: =+L44*36 -> 1008 | J44: 个 | K44: 装配 | L44: 28 | M44: =+U44 -> 0.33256708 | N44: 已 | O44: 33622 | Q44: =VLOOKUP($F44,[1]装箱单!$A:$E,5,0) -> 31.75 | R44: =VLOOKUP($F44,[1]装箱单!$A:$F,6,0) -> 18.41 | S44: =VLOOKUP($F44,[1]装箱单!$A:$G,7,0) -> 20.32 | T44: =VLOOKUP($F44,[1]装箱单!$A:$J,10,0) -> 0.011877396 | U44: =+T44*L44 -> 0.33256708
A45: 46178 | B45: WD Parks & Reosrt | C45: POHK-26-10931 | D45: XSDD000512 | E45: 7001315192 | F45: 33475（18） | G45: =VLOOKUP(F45,[1]装箱单!$A:$C,3,0) -> 鸭子 | H45: 56 | I45: =+L45*18 -> 1008 | J45: 个 | K45: 装配 | L45: 56 | M45: =+U45 -> 0.32440871 | N45: 已 | O45: 33478 | Q45: =VLOOKUP($F45,[1]装箱单!$A:$E,5,0) -> 32.385 | R45: =VLOOKUP($F45,[1]装箱单!$A:$F,6,0) -> 18.78 | S45: =VLOOKUP($F45,[1]装箱单!$A:$G,7,0) -> 9.525 | T45: =VLOOKUP($F45,[1]装箱单!$A:$J,10,0) -> 0.0057930126 | U45: =+T45*L45 -> 0.32440871
A46: 46178 | B46: WD Parks & Reosrt | C46: POHK-26-10931 | D46: XSDD000512 | E46: 7001315192 | F46: 33475（18） | G46: =VLOOKUP(F46,[1]装箱单!$A:$C,3,0) -> 鸭子 | H46: 56 | I46: =+L46*18 -> 1008 | J46: 个 | K46: 装配 | L46: 56 | M46: =+U46 -> 0.32440871 | N46: 已 | O46: 33479 | Q46: =VLOOKUP($F46,[1]装箱单!$A:$E,5,0) -> 32.385 | R46: =VLOOKUP($F46,[1]装箱单!$A:$F,6,0) -> 18.78 | S46: =VLOOKUP($F46,[1]装箱单!$A:$G,7,0) -> 9.525 | T46: =VLOOKUP($F46,[1]装箱单!$A:$J,10,0) -> 0.0057930126 | U46: =+T46*L46 -> 0.32440871
A47: 46178 | B47: WD Parks & Reosrt | C47: POHK-26-10931 | D47: XSDD000512 | E47: 7001315192 | F47: 33475（18） | G47: =VLOOKUP(F47,[1]装箱单!$A:$C,3,0) -> 鸭子 | H47: 56 | I47: =+L47*18 -> 1008 | J47: 个 | K47: 装配 | L47: 56 | M47: =+U47 -> 0.32440871 | N47: 已 | O47: 33481 | Q47: =VLOOKUP($F47,[1]装箱单!$A:$E,5,0) -> 32.385 | R47: =VLOOKUP($F47,[1]装箱单!$A:$F,6,0) -> 18.78 | S47: =VLOOKUP($F47,[1]装箱单!$A:$G,7,0) -> 9.525 | T47: =VLOOKUP($F47,[1]装箱单!$A:$J,10,0) -> 0.0057930126 | U47: =+T47*L47 -> 0.32440871
A48: 46178 | B48: WD Parks & Reosrt | C48: POHK-26-10936 | D48: XSDD000507 | E48: 7001342857 | F48: 33475（18） | G48: =VLOOKUP(F48,[1]装箱单!$A:$C,3,0) -> 鸭子 | H48: 6 | I48: =+L48*18 -> 108 | J48: 个 | K48: 装配 | L48: 6 | M48: =+U48 -> 0.034758076 | N48: 已 | O48: 33479 | Q48: =VLOOKUP($F48,[1]装箱单!$A:$E,5,0) -> 32.385 | R48: =VLOOKUP($F48,[1]装箱单!$A:$F,6,0) -> 18.78 | S48: =VLOOKUP($F48,[1]装箱单!$A:$G,7,0) -> 9.525 | T48: =VLOOKUP($F48,[1]装箱单!$A:$J,10,0) -> 0.0057930126 | U48: =+T48*L48 -> 0.034758076
A49: 46178 | B49: WD Parks & Reosrt | C49: POHK-26-10936 | D49: XSDD000507 | E49: 7001342857 | F49: 33475（18） | G49: =VLOOKUP(F49,[1]装箱单!$A:$C,3,0) -> 鸭子 | H49: 6 | I49: =+L49*18 -> 108 | J49: 个 | K49: 装配 | L49: 6 | M49: =+U49 -> 0.034758076 | N49: 已 | O49: 33478 | Q49: =VLOOKUP($F49,[1]装箱单!$A:$E,5,0) -> 32.385 | R49: =VLOOKUP($F49,[1]装箱单!$A:$F,6,0) -> 18.78 | S49: =VLOOKUP($F49,[1]装箱单!$A:$G,7,0) -> 9.525 | T49: =VLOOKUP($F49,[1]装箱单!$A:$J,10,0) -> 0.0057930126 | U49: =+T49*L49 -> 0.034758076
A50: 46178 | B50: WD Parks & Reosrt | C50: POHK-26-10936 | D50: XSDD000507 | E50: 7001342857 | F50: 33475（18） | G50: =VLOOKUP(F50,[1]装箱单!$A:$C,3,0) -> 鸭子 | H50: 6 | I50: =+L50*18 -> 108 | J50: 个 | K50: 装配 | L50: 6 | M50: =+U50 -> 0.034758076 | N50: 已 | O50: 33481 | Q50: =VLOOKUP($F50,[1]装箱单!$A:$E,5,0) -> 32.385 | R50: =VLOOKUP($F50,[1]装箱单!$A:$F,6,0) -> 18.78 | S50: =VLOOKUP($F50,[1]装箱单!$A:$G,7,0) -> 9.525 | T50: =VLOOKUP($F50,[1]装箱单!$A:$J,10,0) -> 0.0057930126 | U50: =+T50*L50 -> 0.034758076
A51: 46178 | B51: WD Parks & Reosrt | C51: POHK-26-10930 | D51: XSDD000558 | E51: 7001335427 | F51: 33475（18） | G51: =VLOOKUP(F51,[1]装箱单!$A:$C,3,0) -> 鸭子 | H51: 56 | I51: =+L51*18 -> 1008 | J51: 个 | K51: 装配 | L51: 56 | M51: =+U51 -> 0.32440871 | N51: 已 | O51: 33478 | Q51: =VLOOKUP($F51,[1]装箱单!$A:$E,5,0) -> 32.385 | R51: =VLOOKUP($F51,[1]装箱单!$A:$F,6,0) -> 18.78 | S51: =VLOOKUP($F51,[1]装箱单!$A:$G,7,0) -> 9.525 | T51: =VLOOKUP($F51,[1]装箱单!$A:$J,10,0) -> 0.0057930126 | U51: =+T51*L51 -> 0.32440871
A52: 46178 | B52: WD Parks & Reosrt | C52: POHK-26-10930 | D52: XSDD000558 | E52: 7001335427 | F52: 33475（18） | G52: =VLOOKUP(F52,[1]装箱单!$A:$C,3,0) -> 鸭子 | H52: 56 | I52: =+L52*18 -> 1008 | J52: 个 | K52: 装配 | L52: 56 | M52: =+U52 -> 0.32440871 | N52: 已 | O52: 33481 | Q52: =VLOOKUP($F52,[1]装箱单!$A:$E,5,0) -> 32.385 | R52: =VLOOKUP($F52,[1]装箱单!$A:$F,6,0) -> 18.78 | S52: =VLOOKUP($F52,[1]装箱单!$A:$G,7,0) -> 9.525 | T52: =VLOOKUP($F52,[1]装箱单!$A:$J,10,0) -> 0.0057930126 | U52: =+T52*L52 -> 0.32440871
A53: 46178 | B53: B&M UK | C53: POHK-26-02482 | D53: XSDD000443 | E53: 02467771/1 | F53: 33475（18） | G53: =VLOOKUP(F53,[1]装箱单!$A:$C,3,0) -> 鸭子 | H53: 1000 | I53: =+L53*18 -> 18000 | J53: 个 | K53: 装配 | L53: 1000 | M53: =+U53 -> 5.7930126 | N53: 已 | Q53: =VLOOKUP($F53,[1]装箱单!$A:$E,5,0) -> 32.385 | R53: =VLOOKUP($F53,[1]装箱单!$A:$F,6,0) -> 18.78 | S53: =VLOOKUP($F53,[1]装箱单!$A:$G,7,0) -> 9.525 | T53: =VLOOKUP($F53,[1]装箱单!$A:$J,10,0) -> 0.0057930126 | U53: =+T53*L53 -> 5.7930126
A54: 46178 | B54: JPEU | C54: POHK-26-09036 | D54: XSDD000377 | E54: 00174-R0-IT | F54: 46462 | G54: =VLOOKUP(F54,[1]装箱单!$A:$C,3,0) -> 史迪仔系列 | H54: =+I54/2 -> 250 | I54: =+L54*2 -> 500 | J54: 套 | K54: 装配 | L54: 250 | M54: =+U54 -> 5.5914295 | N54: 已 | O54: 装车尾必走 | Q54: =VLOOKUP($F54,[1]装箱单!$A:$E,5,0) -> 40.01 | R54: =VLOOKUP($F54,[1]装箱单!$A:$F,6,0) -> 26.67 | S54: =VLOOKUP($F54,[1]装箱单!$A:$G,7,0) -> 20.96 | T54: =VLOOKUP($F54,[1]装箱单!$A:$J,10,0) -> 0.022365718 | U54: =+T54*L54 -> 5.5914295
A55: 46178 | B55: JPEU | C55: POHK-26-09036 | D55: XSDD000377 | E55: 00174-R0-IT | F55: 46097 | G55: =VLOOKUP(F55,[1]装箱单!$A:$C,3,0) -> 小熊维尼历险记系列 | H55: =+I55/2 -> 250 | I55: =+L55*2 -> 500 | J55: 套 | K55: 装配 | L55: 250 | M55: =+U55 -> 5.5914295 | N55: 已 | O55: 装车尾必走 | Q55: =VLOOKUP($F55,[1]装箱单!$A:$E,5,0) -> 40.01 | R55: =VLOOKUP($F55,[1]装箱单!$A:$F,6,0) -> 26.67 | S55: =VLOOKUP($F55,[1]装箱单!$A:$G,7,0) -> 20.96 | T55: =VLOOKUP($F55,[1]装箱单!$A:$J,10,0) -> 0.022365718 | U55: =+T55*L55 -> 5.5914295
A56: 46178 | B56: JPEU | C56: POHK-26-09036 | D56: XSDD000377 | E56: 00174-R0-IT | F56: 46099 | G56: =VLOOKUP(F56,[1]装箱单!$A:$C,3,0) -> 米奇老鼠系列 | H56: =+I56/2 -> 250 | I56: =+L56*2 -> 500 | J56: 套 | K56: 装配 | L56: 250 | M56: =+U56 -> 5.5914295 | N56: 已 | O56: 装车尾必走 | Q56: =VLOOKUP($F56,[1]装箱单!$A:$E,5,0) -> 40.01 | R56: =VLOOKUP($F56,[1]装箱单!$A:$F,6,0) -> 26.67 | S56: =VLOOKUP($F56,[1]装箱单!$A:$G,7,0) -> 20.96 | T56: =VLOOKUP($F56,[1]装箱单!$A:$J,10,0) -> 0.022365718 | U56: =+T56*L56 -> 5.5914295
A57: 46178 | B57: JPEU | C57: POHK-26-09036 | D57: XSDD000377 | E57: 00174-R0-IT | F57: 46496 | G57: =VLOOKUP(F57,[1]装箱单!$A:$C,3,0) -> 米妮系列 | H57: =+I57/2 -> 250 | I57: =+L57*2 -> 500 | J57: 套 | K57: 装配 | L57: 250 | M57: =+U57 -> 5.5914295 | N57: 已 | O57: 装车尾必走 | Q57: =VLOOKUP($F57,[1]装箱单!$A:$E,5,0) -> 40.01 | R57: =VLOOKUP($F57,[1]装箱单!$A:$F,6,0) -> 26.67 | S57: =VLOOKUP($F57,[1]装箱单!$A:$G,7,0) -> 20.96 | T57: =VLOOKUP($F57,[1]装箱单!$A:$J,10,0) -> 0.022365718 | U57: =+T57*L57 -> 5.5914295
M58: =SUM(M10:M57) -> 118.69726
A59: 46179 | B59: Just Play Europe B.V. | C59: POHK-26-09996 | D59: XSDD000444 | E59: 00202-R0-POL | F59: 46462 | G59: =VLOOKUP(F59,[1]装箱单!$A:$C,3,0) -> 史迪仔系列 | H59: =+I59/2 -> 50 | I59: =+L59*2 -> 100 | J59: 套 | K59: 装配 | L59: 50 | M59: =+U59 -> 1.1182859 | N59: 已 | P59: 车牌:川SC4420 挂车：川SA261挂 车型：17.5厢车（180） 司机：周明康 电话：18682822739 | Q59: =VLOOKUP($F59,[1]装箱单!$A:$E,5,0) -> 40.01 | R59: =VLOOKUP($F59,[1]装箱单!$A:$F,6,0) -> 26.67 | S59: =VLOOKUP($F59,[1]装箱单!$A:$G,7,0) -> 20.96 | T59: =VLOOKUP($F59,[1]装箱单!$A:$J,10,0) -> 0.022365718 | U59: =+T59*L59 -> 1.1182859
A60: 46179 | B60: Just Play Europe B.V. | C60: POHK-26-09996 | D60: XSDD000444 | E60: 00202-R0-POL | F60: 46132 | G60: =VLOOKUP(F60,[1]装箱单!$A:$C,3,0) -> 赛车总动员系列 | H60: =+I60/2 -> 50 | I60: =+L60*2 -> 100 | J60: 套 | K60: 装配 | L60: 50 | M60: =+U60 -> 1.1182859 | N60: 已 | Q60: =VLOOKUP($F60,[1]装箱单!$A:$E,5,0) -> 40.01 | R60: =VLOOKUP($F60,[1]装箱单!$A:$F,6,0) -> 26.67 | S60: =VLOOKUP($F60,[1]装箱单!$A:$G,7,0) -> 20.96 | T60: =VLOOKUP($F60,[1]装箱单!$A:$J,10,0) -> 0.022365718 | U60: =+T60*L60 -> 1.1182859
A61: 46179 | B61: Just Play Europe B.V. | C61: POHK-26-09996 | D61: XSDD000444 | E61: 00202-R0-POL | F61: 46099 | G61: =VLOOKUP(F61,[1]装箱单!$A:$C,3,0) -> 米奇老鼠系列 | H61: =+I61/2 -> 50 | I61: =+L61*2 -> 100 | J61: 套 | K61: 装配 | L61: 50 | M61: =+U61 -> 1.1182859 | N61: 已 | Q61: =VLOOKUP($F61,[1]装箱单!$A:$E,5,0) -> 40.01 | R61: =VLOOKUP($F61,[1]装箱单!$A:$F,6,0) -> 26.67 | S61: =VLOOKUP($F61,[1]装箱单!$A:$G,7,0) -> 20.96 | T61: =VLOOKUP($F61,[1]装箱单!$A:$J,10,0) -> 0.022365718 | U61: =+T61*L61 -> 1.1182859
A62: 46179 | B62: Just Play Europe B.V. | C62: POHK-26-09996 | D62: XSDD000444 | E62: 00202-R0-POL | F62: 46097 | G62: =VLOOKUP(F62,[1]装箱单!$A:$C,3,0) -> 小熊维尼历险记系列 | H62: =+I62/2 -> 50 | I62: =+L62*2 -> 100 | J62: 套 | K62: 装配 | L62: 50 | M62: =+U62 -> 1.1182859 | N62: 已 | Q62: =VLOOKUP($F62,[1]装箱单!$A:$E,5,0) -> 40.01 | R62: =VLOOKUP($F62,[1]装箱单!$A:$F,6,0) -> 26.67 | S62: =VLOOKUP($F62,[1]装箱单!$A:$G,7,0) -> 20.96 | T62: =VLOOKUP($F62,[1]装箱单!$A:$J,10,0) -> 0.022365718 | U62: =+T62*L62 -> 1.1182859
A63: 46179 | B63: PRG - Italy | C63: POHK-26-05172 | D63: XSDD000308 | E63: 2003197412 | F63: 33487（96） | G63: =VLOOKUP(F63,[1]装箱单!$A:$C,3,0) -> 盲盒小鸭 | H63: 360 | I63: 34560 | J63: 个 | K63: 装配 | L63: 360 | M63: =+U63 -> 29.660241 | N63: 已 | Q63: =VLOOKUP($F63,[1]装箱单!$A:$E,5,0) -> 54.95 | R63: =VLOOKUP($F63,[1]装箱单!$A:$F,6,0) -> 34.95 | S63: =VLOOKUP($F63,[1]装箱单!$A:$G,7,0) -> 42.9 | T63: =VLOOKUP($F63,[1]装箱单!$A:$J,10,0) -> 0.082389557 | U63: =+T63*L63 -> 29.660241
A64: 46179 | B64: PRG - Italy | C64: POHK-26-05175 | D64: XSDD000307 | E64: 2000009957 | F64: 33487（96） | G64: =VLOOKUP(F64,[1]装箱单!$A:$C,3,0) -> 盲盒小鸭 | H64: 240 | I64: 23040 | J64: 个 | K64: 装配 | L64: 240 | M64: =+U64 -> 19.773494 | N64: 已 | Q64: =VLOOKUP($F64,[1]装箱单!$A:$E,5,0) -> 54.95 | R64: =VLOOKUP($F64,[1]装箱单!$A:$F,6,0) -> 34.95 | S64: =VLOOKUP($F64,[1]装箱单!$A:$G,7,0) -> 42.9 | T64: =VLOOKUP($F64,[1]装箱单!$A:$J,10,0) -> 0.082389557 | U64: =+T64*L64 -> 19.773494
A65: 46179 | B65: PRG France | C65: POHK-26-08074 | D65: XSDD000409 | E65: 1598562 | F65: 33487（96） | G65: =VLOOKUP(F65,[1]装箱单!$A:$C,3,0) -> 盲盒小鸭 | H65: 470 | I65: 45120 | J65: 个 | K65: 装配 | L65: 470 | M65: =+U65 -> 38.723092 | N65: 已 | Q65: =VLOOKUP($F65,[1]装箱单!$A:$E,5,0) -> 54.95 | R65: =VLOOKUP($F65,[1]装箱单!$A:$F,6,0) -> 34.95 | S65: =VLOOKUP($F65,[1]装箱单!$A:$G,7,0) -> 42.9 | T65: =VLOOKUP($F65,[1]装箱单!$A:$J,10,0) -> 0.082389557 | U65: =+T65*L65 -> 38.723092
A66: 46179 | B66: PRG France | C66: POHK-26-08078 | D66: XSDD000412 | E66: 1598562 | F66: 33487（96） | G66: =VLOOKUP(F66,[1]装箱单!$A:$C,3,0) -> 盲盒小鸭 | H66: 390 | I66: 37440 | J66: 个 | K66: 装配 | L66: 390 | M66: =+U66 -> 32.131927 | N66: 已 | Q66: =VLOOKUP($F66,[1]装箱单!$A:$E,5,0) -> 54.95 | R66: =VLOOKUP($F66,[1]装箱单!$A:$F,6,0) -> 34.95 | S66: =VLOOKUP($F66,[1]装箱单!$A:$G,7,0) -> 42.9 | T66: =VLOOKUP($F66,[1]装箱单!$A:$J,10,0) -> 0.082389557 | U66: =+T66*L66 -> 32.131927
A67: 46179 | B67: PRG France | C67: POHK-26-08084 | D67: XSDD000411 | E67: 1598562 | F67: 33487（96） | G67: =VLOOKUP(F67,[1]装箱单!$A:$C,3,0) -> 盲盒小鸭 | H67: 390 | I67: 37440 | J67: 个 | K67: 装配 | L67: 390 | M67: =+U67 -> 32.131927 | N67: 已 | Q67: =VLOOKUP($F67,[1]装箱单!$A:$E,5,0) -> 54.95 | R67: =VLOOKUP($F67,[1]装箱单!$A:$F,6,0) -> 34.95 | S67: =VLOOKUP($F67,[1]装箱单!$A:$G,7,0) -> 42.9 | T67: =VLOOKUP($F67,[1]装箱单!$A:$J,10,0) -> 0.082389557 | U67: =+T67*L67 -> 32.131927
M68: =SUM(M59:M67) -> 156.89382
A69: 46181 | B69: B&M UK | C69: POHK-26-05187 | D69: XSDD000435 | E69: 02467220/1 | F69: 46092 | G69: =VLOOKUP(F69,[2]装箱单!$A:$C,3,0) -> 玩具总动员系列 | H69: =+I69/2 -> 2850 | I69: =+L69*2 -> 5700 | J69: 套 | K69: 装配 | L69: 2850 | M69: =+U69 -> 63.742296 | N69: 已 | P69: 司机：朱小成 车牌；川S97852 车挂： 电话：14726671286 | Q69: =VLOOKUP($F69,[2]装箱单!$A:$E,5,0) -> 40.01 | R69: =VLOOKUP($F69,[2]装箱单!$A:$F,6,0) -> 26.67 | S69: =VLOOKUP($F69,[2]装箱单!$A:$G,7,0) -> 20.96 | T69: =VLOOKUP($F69,[2]装箱单!$A:$J,10,0) -> 0.022365718 | U69: =+T69*L69 -> 63.742296
A70: 46181 | B70: Auchan France | C70: POHK-26-06753 | D70: XSDD000421 | E70: 875100 | F70: 46092 | G70: =VLOOKUP(F70,[2]装箱单!$A:$C,3,0) -> 玩具总动员系列 | H70: =+I70/2 -> 533 | I70: =+L70*2 -> 1066 | J70: 套 | K70: 装配 | L70: 533 | M70: =+U70 -> 11.920928 | N70: 已 | Q70: =VLOOKUP($F70,[2]装箱单!$A:$E,5,0) -> 40.01 | R70: =VLOOKUP($F70,[2]装箱单!$A:$F,6,0) -> 26.67 | S70: =VLOOKUP($F70,[2]装箱单!$A:$G,7,0) -> 20.96 | T70: =VLOOKUP($F70,[2]装箱单!$A:$J,10,0) -> 0.022365718 | U70: =+T70*L70 -> 11.920928
A71: 46181 | B71: Auchan France | C71: POHK-26-06752 | D71: XSDD000420 | E71: 875099 | F71: 46092 | G71: =VLOOKUP(F71,[2]装箱单!$A:$C,3,0) -> 玩具总动员系列 | H71: =+I71/2 -> 473 | I71: =+L71*2 -> 946 | J71: 套 | K71: 装配 | L71: 473 | M71: =+U71 -> 10.578985 | N71: 已 | Q71: =VLOOKUP($F71,[2]装箱单!$A:$E,5,0) -> 40.01 | R71: =VLOOKUP($F71,[2]装箱单!$A:$F,6,0) -> 26.67 | S71: =VLOOKUP($F71,[2]装箱单!$A:$G,7,0) -> 20.96 | T71: =VLOOKUP($F71,[2]装箱单!$A:$J,10,0) -> 0.022365718 | U71: =+T71*L71 -> 10.578985
A72: 46181 | B72: Auchan France | C72: POHK-26-06844 | D72: XSDD000422 | E72: 875102 | F72: 46092 | G72: =VLOOKUP(F72,[2]装箱单!$A:$C,3,0) -> 玩具总动员系列 | H72: =+I72/2 -> 495 | I72: =+L72*2 -> 990 | J72: 套 | K72: 装配 | L72: 495 | M72: =+U72 -> 11.07103 | N72: 已 | Q72: =VLOOKUP($F72,[2]装箱单!$A:$E,5,0) -> 40.01 | R72: =VLOOKUP($F72,[2]装箱单!$A:$F,6,0) -> 26.67 | S72: =VLOOKUP($F72,[2]装箱单!$A:$G,7,0) -> 20.96 | T72: =VLOOKUP($F72,[2]装箱单!$A:$J,10,0) -> 0.022365718 | U72: =+T72*L72 -> 11.07103
A73: 46181 | B73: Auchan France | C73: POHK-26-06752 | D73: XSDD000420 | E73: 875099 | F73: 46462 | G73: =VLOOKUP(F73,[2]装箱单!$A:$C,3,0) -> 史迪仔系列 | H73: =+I73/2 -> 473 | I73: =+L73*2 -> 946 | J73: 套 | K73: 装配 | L73: 473 | M73: =+U73 -> 10.578985 | N73: 已 | Q73: =VLOOKUP($F73,[2]装箱单!$A:$E,5,0) -> 40.01 | R73: =VLOOKUP($F73,[2]装箱单!$A:$F,6,0) -> 26.67 | S73: =VLOOKUP($F73,[2]装箱单!$A:$G,7,0) -> 20.96 | T73: =VLOOKUP($F73,[2]装箱单!$A:$J,10,0) -> 0.022365718 | U73: =+T73*L73 -> 10.578985
A74: 46181 | B74: Auchan France | C74: POHK-26-06753 | D74: XSDD000421 | E74: 875100 | F74: 46462 | G74: =VLOOKUP(F74,[2]装箱单!$A:$C,3,0) -> 史迪仔系列 | H74: =+I74/2 -> 533 | I74: =+L74*2 -> 1066 | J74: 套 | K74: 装配 | L74: 533 | M74: =+U74 -> 11.920928 | N74: 已 | Q74: =VLOOKUP($F74,[2]装箱单!$A:$E,5,0) -> 40.01 | R74: =VLOOKUP($F74,[2]装箱单!$A:$F,6,0) -> 26.67 | S74: =VLOOKUP($F74,[2]装箱单!$A:$G,7,0) -> 20.96 | T74: =VLOOKUP($F74,[2]装箱单!$A:$J,10,0) -> 0.022365718 | U74: =+T74*L74 -> 11.920928
A75: 46181 | B75: Auchan France | C75: POHK-26-06844 | D75: XSDD000422 | E75: 875102 | F75: 46462 | G75: =VLOOKUP(F75,[2]装箱单!$A:$C,3,0) -> 史迪仔系列 | H75: =+I75/2 -> 495 | I75: =+L75*2 -> 990 | J75: 套 | K75: 装配 | L75: 495 | M75: =+U75 -> 11.07103 | N75: 已 | Q75: =VLOOKUP($F75,[2]装箱单!$A:$E,5,0) -> 40.01 | R75: =VLOOKUP($F75,[2]装箱单!$A:$F,6,0) -> 26.67 | S75: =VLOOKUP($F75,[2]装箱单!$A:$G,7,0) -> 20.96 | T75: =VLOOKUP($F75,[2]装箱单!$A:$J,10,0) -> 0.022365718 | U75: =+T75*L75 -> 11.07103
M76: =SUM(M69:M75) -> 130.88418
A77: 46182 | B77: DOMESTIC | C77: 45867 | D77: XSDD000354 | F77: 320399 | G77: =VLOOKUP(F77,[1]装箱单!$A:$C,3,0) -> 猫家族 | H77: 1500 | I77: =+L77*4 -> 3000 | J77: 套 | K77: 装配 | L77: 750 | M77: =+U77 -> 7.7175 | N77: 已 | P77: 车牌：川S80435 挂号：川S4486 电话：18080698059 | Q77: =VLOOKUP($F77,[1]装箱单!$A:$E,5,0) -> 24.5 | R77: =VLOOKUP($F77,[1]装箱单!$A:$F,6,0) -> 21 | S77: =VLOOKUP($F77,[1]装箱单!$A:$G,7,0) -> 20 | T77: =VLOOKUP($F77,[1]装箱单!$A:$J,10,0) -> 0.01029 | U77: =+T77*L77 -> 7.7175
A78: 46182 | B78: DOMESTIC | C78: 46346 | D78: XSDD000401 | F78: 320399 | G78: =VLOOKUP(F78,[1]装箱单!$A:$C,3,0) -> 猫家族 | H78: 750 | I78: =+L78*4 -> 3000 | J78: 套 | K78: 装配 | L78: 750 | M78: =+U78 -> 7.7175 | N78: 已 | Q78: =VLOOKUP($F78,[1]装箱单!$A:$E,5,0) -> 24.5 | R78: =VLOOKUP($F78,[1]装箱单!$A:$F,6,0) -> 21 | S78: =VLOOKUP($F78,[1]装箱单!$A:$G,7,0) -> 20 | T78: =VLOOKUP($F78,[1]装箱单!$A:$J,10,0) -> 0.01029 | U78: =+T78*L78 -> 7.7175
A79: 46182 | B79: DOMESTIC | C79: 46554 | D79: XSDD000468 | F79: 320399 | G79: =VLOOKUP(F79,[1]装箱单!$A:$C,3,0) -> 猫家族 | H79: 750 | I79: =+L79*4 -> 3000 | J79: 套 | K79: 装配 | L79: 750 | M79: =+U79 -> 7.7175 | N79: 已 | Q79: =VLOOKUP($F79,[1]装箱单!$A:$E,5,0) -> 24.5 | R79: =VLOOKUP($F79,[1]装箱单!$A:$F,6,0) -> 21 | S79: =VLOOKUP($F79,[1]装箱单!$A:$G,7,0) -> 20 | T79: =VLOOKUP($F79,[1]装箱单!$A:$J,10,0) -> 0.01029 | U79: =+T79*L79 -> 7.7175
A80: 46182 | B80: DOMESTIC | C80: 46127 | D80: XSDD000339 | F80: 570989 | G80: =VLOOKUP(F80,[1]装箱单!$A:$C,3,0) -> 盲盒系列 | H80: 926 | I80: =+L80*27 -> 25002 | J80: 个 | K80: 装配 | L80: 926 | M80: =+U80 -> 10.332627 | N80: 已 | Q80: =VLOOKUP($F80,[1]装箱单!$A:$E,5,0) -> 31.115 | R80: =VLOOKUP($F80,[1]装箱单!$A:$F,6,0) -> 22.59 | S80: =VLOOKUP($F80,[1]装箱单!$A:$G,7,0) -> 15.875 | T80: =VLOOKUP($F80,[1]装箱单!$A:$J,10,0) -> 0.011158345 | U80: =+T80*L80 -> 10.332627
A81: 46183 | B81: DOMESTIC | C81: 46155 | D81: XSDD000466 | F81: 671509 | G81: =VLOOKUP(F81,[1]装箱单!$A:$C,3,0) -> 绿色铁皮勾车 | H81: 750 | I81: =+L81*2 -> 1248 | J81: 个 | K81: 装配 | L81: 624 | M81: =+U81 -> 22.446478 | N81: 已 | Q81: =VLOOKUP($F81,[1]装箱单!$A:$E,5,0) -> 40.32 | R81: =VLOOKUP($F81,[1]装箱单!$A:$F,6,0) -> 37.47 | S81: =VLOOKUP($F81,[1]装箱单!$A:$G,7,0) -> 23.81 | T81: =VLOOKUP($F81,[1]装箱单!$A:$J,10,0) -> 0.035971919 | U81: =+T81*L81 -> 22.446478
A82: 46182 | B82: DOMESTIC | C82: 46132 | D82: XSDD000340 | F82: 320635 | G82: =VLOOKUP(F82,[1]装箱单!$A:$C,3,0) -> 校车 | H82: 1500 | I82: =+L82*2 -> 3000 | J82: 个 | K82: 装配 | L82: 1500 | M82: =+U82 -> 23.680105 | N82: 已 | Q82: =VLOOKUP($F82,[1]装箱单!$A:$E,5,0) -> 35.18 | R82: =VLOOKUP($F82,[1]装箱单!$A:$F,6,0) -> 27.18 | S82: =VLOOKUP($F82,[1]装箱单!$A:$G,7,0) -> 16.51 | T82: =VLOOKUP($F82,[1]装箱单!$A:$J,10,0) -> 0.015786737 | U82: =+T82*L82 -> 23.680105
A83: 46182 | B83: DOMESTIC | C83: 45873 | D83: XSDD000299 | F83: 320916 | G83: =VLOOKUP(F83,[1]装箱单!$A:$C,3,0) -> 糕屋 | H83: 1500 | I83: =+L83*2 -> 3000 | J83: 个 | K83: 装配 | L83: 1500 | M83: =+U83 -> 38.714439 | N83: 已 | Q83: =VLOOKUP($F83,[1]装箱单!$A:$E,5,0) -> 38.1 | R83: =VLOOKUP($F83,[1]装箱单!$A:$F,6,0) -> 30.48 | S83: =VLOOKUP($F83,[1]装箱单!$A:$G,7,0) -> 22.225 | T83: =VLOOKUP($F83,[1]装箱单!$A:$J,10,0) -> 0.025809626 | U83: =+T83*L83 -> 38.714439
A84: 46182 | B84: Target | C84: 1002233/45899 | D84: XSDD000586 | F84: 470764 | G84: =VLOOKUP(F84,[1]装箱单!$A:$C,3,0) -> 大型自卸车 | H84: 3506 | I84: =+L84 -> 720 | J84: 个 | K84: 装配 | L84: 720 | M84: =+U84 -> 19.29312 | N84: 已 | Q84: =VLOOKUP($F84,[1]装箱单!$A:$E,5,0) -> 42 | R84: =VLOOKUP($F84,[1]装箱单!$A:$F,6,0) -> 22 | S84: =VLOOKUP($F84,[1]装箱单!$A:$G,7,0) -> 29 | T84: =VLOOKUP($F84,[1]装箱单!$A:$J,10,0) -> 0.026796 | U84: =+T84*L84 -> 19.29312
M85: =SUM(M77:M84) -> 137.61927
A86: 46183 | B86: DOMESTIC | C86: 46155 | D86: XSDD000466 | F86: 671509 | G86: =VLOOKUP(F86,[1]装箱单!$A:$C,3,0) -> 绿色铁皮勾车 | H86: 750 | I86: =+L86*2 -> 252 | J86: 个 | K86: 装配 | L86: 126 | M86: =+U86 -> 4.5324618 | N86: 已 | P86: 车型：17.5米箱车（160方） 车牌：川S81342 挂号：川S7947挂 司机：蒋朝映 电话：15908482413 司机：邹小芳 电话：15708488728 | Q86: =VLOOKUP($F86,[1]装箱单!$A:$E,5,0) -> 40.32 | R86: =VLOOKUP($F86,[1]装箱单!$A:$F,6,0) -> 37.47 | S86: =VLOOKUP($F86,[1]装箱单!$A:$G,7,0) -> 23.81 | T86: =VLOOKUP($F86,[1]装箱单!$A:$J,10,0) -> 0.035971919 | U86: =+T86*L86 -> 4.5324618
A87: 46183 | B87: DOMESTIC | C87: 46346 | D87: XSDD000401 | F87: 470725 | G87: =VLOOKUP(F87,[1]装箱单!$A:$C,3,0) -> 独角兽家族 | H87: 750 | I87: =+L87*4 -> 3000 | J87: 套 | K87: 装配 | L87: 750 | M87: =+U87 -> 8.0325 | N87: 已 | Q87: =VLOOKUP($F87,[1]装箱单!$A:$E,5,0) -> 25.5 | R87: =VLOOKUP($F87,[1]装箱单!$A:$F,6,0) -> 21 | S87: =VLOOKUP($F87,[1]装箱单!$A:$G,7,0) -> 20 | T87: =VLOOKUP($F87,[1]装箱单!$A:$J,10,0) -> 0.01071 | U87: =+T87*L87 -> 8.0325
A88: 46183 | B88: Amazon | C88: 1002292/46301 | D88: XSDD000508 | F88: 570975 | G88: =VLOOKUP(F88,[1]装箱单!$A:$C,3,0) -> 棒球 | H88: 759 | I88: =+L88 -> 759 | J88: 个 | K88: 装配 | L88: 759 | M88: =+U88 -> 14.554849 | N88: 已 | Q88: =VLOOKUP($F88,[1]装箱单!$A:$E,5,0) -> 30.48 | R88: =VLOOKUP($F88,[1]装箱单!$A:$F,6,0) -> 11.795 | S88: =VLOOKUP($F88,[1]装箱单!$A:$G,7,0) -> 53.34 | T88: =VLOOKUP($F88,[1]装箱单!$A:$J,10,0) -> 0.019176349 | U88: =+T88*L88 -> 14.554849
A89: 46183 | B89: Amazon | C89: 1002292/46300 | D89: XSDD000508 | F89: 570975 | G89: =VLOOKUP(F89,[1]装箱单!$A:$C,3,0) -> 棒球 | H89: 1150 | I89: =+L89 -> 1150 | J89: 个 | K89: 装配 | L89: 1150 | M89: =+U89 -> 22.052801 | N89: 已 | Q89: =VLOOKUP($F89,[1]装箱单!$A:$E,5,0) -> 30.48 | R89: =VLOOKUP($F89,[1]装箱单!$A:$F,6,0) -> 11.795 | S89: =VLOOKUP($F89,[1]装箱单!$A:$G,7,0) -> 53.34 | T89: =VLOOKUP($F89,[1]装箱单!$A:$J,10,0) -> 0.019176349 | U89: =+T89*L89 -> 22.052801
A90: 46183 | B90: Amazon | C90: 1002292/46298 | D90: XSDD000508 | F90: 570975 | G90: =VLOOKUP(F90,[1]装箱单!$A:$C,3,0) -> 棒球 | H90: 160 | I90: =+L90 -> 160 | J90: 个 | K90: 装配 | L90: 160 | M90: =+U90 -> 3.0682158 | N90: 已 | Q90: =VLOOKUP($F90,[1]装箱单!$A:$E,5,0) -> 30.48 | R90: =VLOOKUP($F90,[1]装箱单!$A:$F,6,0) -> 11.795 | S90: =VLOOKUP($F90,[1]装箱单!$A:$G,7,0) -> 53.34 | T90: =VLOOKUP($F90,[1]装箱单!$A:$J,10,0) -> 0.019176349 | U90: =+T90*L90 -> 3.0682158
A91: 46183 | B91: Amazon | C91: 1002292/46299 | D91: XSDD000508 | F91: 570975 | G91: =VLOOKUP(F91,[1]装箱单!$A:$C,3,0) -> 棒球 | H91: 260 | I91: =+L91 -> 260 | J91: 个 | K91: 装配 | L91: 260 | M91: =+U91 -> 4.9858507 | N91: 已 | Q91: =VLOOKUP($F91,[1]装箱单!$A:$E,5,0) -> 30.48 | R91: =VLOOKUP($F91,[1]装箱单!$A:$F,6,0) -> 11.795 | S91: =VLOOKUP($F91,[1]装箱单!$A:$G,7,0) -> 53.34 | T91: =VLOOKUP($F91,[1]装箱单!$A:$J,10,0) -> 0.019176349 | U91: =+T91*L91 -> 4.9858507
A92: 46183 | B92: DOMESTIC | C92: 46554 | D92: XSDD000469 | F92: 570975 | G92: =VLOOKUP(F92,[1]装箱单!$A:$C,3,0) -> 棒球 | H92: 3345 | I92: =+L92 -> 3345 | J92: 个 | K92: 装配 | L92: 3345 | M92: =+U92 -> 64.144887 | N92: 已 | Q92: =VLOOKUP($F92,[1]装箱单!$A:$E,5,0) -> 30.48 | R92: =VLOOKUP($F92,[1]装箱单!$A:$F,6,0) -> 11.795 | S92: =VLOOKUP($F92,[1]装箱单!$A:$G,7,0) -> 53.34 | T92: =VLOOKUP($F92,[1]装箱单!$A:$J,10,0) -> 0.019176349 | U92: =+T92*L92 -> 64.144887
M93: =SUM(M86:M92) -> 121.37156
A94: 46184 | B94: Tomy Au | C94: 1002268/46263 | D94: XSDD000360 | F94: 671509 | G94: =VLOOKUP(F94,[1]装箱单!$A:$C,3,0) -> 绿色铁皮勾车 | H94: 750 | I94: =+L94*2 -> 1500 | J94: 个 | K94: 装配 | L94: 750 | M94: =+U94 -> 26.97894 | N94: 已 | P94: 车牌:川S89465 渠县-常平 挂车：鲁REA08挂 车型：18.5厢车（180） 司机：冯德雄 电话：17365553111 | Q94: =VLOOKUP($F94,[1]装箱单!$A:$E,5,0) -> 40.32 | R94: =VLOOKUP($F94,[1]装箱单!$A:$F,6,0) -> 37.47 | S94: =VLOOKUP($F94,[1]装箱单!$A:$G,7,0) -> 23.81 | T94: =VLOOKUP($F94,[1]装箱单!$A:$J,10,0) -> 0.035971919 | U94: =+T94*L94 -> 26.97894
A95: 46184 | B95: Kohls | C95: 1002263/46460 | D95: XSDD000448 | F95: 571299 | G95: =VLOOKUP(F95,[1]装箱单!$A:$C,3,0) -> 自卸车 | H95: 1727 | I95: =+L95 -> 1727 | J95: 个 | K95: 装配 | L95: 1727 | M95: =+U95 -> 46.276692 | N95: 已 | Q95: =VLOOKUP($F95,[1]装箱单!$A:$E,5,0) -> 42 | R95: =VLOOKUP($F95,[1]装箱单!$A:$F,6,0) -> 22 | S95: =VLOOKUP($F95,[1]装箱单!$A:$G,7,0) -> 29 | T95: =VLOOKUP($F95,[1]装箱单!$A:$J,10,0) -> 0.026796 | U95: =+T95*L95 -> 46.276692
A96: 46184 | B96: Kohls-ECOM | C96: 1002263/46461 | D96: XSDD000449 | F96: 571299 | G96: =VLOOKUP(F96,[1]装箱单!$A:$C,3,0) -> 自卸车 | H96: 200 | I96: =+L96 -> 200 | J96: 个 | K96: 装配 | L96: 200 | M96: =+U96 -> 5.3592 | N96: 已 | Q96: =VLOOKUP($F96,[1]装箱单!$A:$E,5,0) -> 42 | R96: =VLOOKUP($F96,[1]装箱单!$A:$F,6,0) -> 22 | S96: =VLOOKUP($F96,[1]装箱单!$A:$G,7,0) -> 29 | T96: =VLOOKUP($F96,[1]装箱单!$A:$J,10,0) -> 0.026796 | U96: =+T96*L96 -> 5.3592
A97: 46184 | B97: WMUS | C97: 1002262/46302 | D97: XSDD000488 | E97: 993056856 | F97: 570989 | G97: =VLOOKUP(F97,[1]装箱单!$A:$C,3,0) -> 盲盒系列 | H97: 93 | I97: =+L97*27 -> 2511 | J97: 个 | K97: 装配 | L97: 93 | M97: =+U97 -> 1.037726 | N97: 已 | Q97: =VLOOKUP($F97,[1]装箱单!$A:$E,5,0) -> 31.115 | R97: =VLOOKUP($F97,[1]装箱单!$A:$F,6,0) -> 22.59 | S97: =VLOOKUP($F97,[1]装箱单!$A:$G,7,0) -> 15.875 | T97: =VLOOKUP($F97,[1]装箱单!$A:$J,10,0) -> 0.011158345 | U97: =+T97*L97 -> 1.037726
A98: 46184 | B98: WMUS | C98: 1002262/46303 | D98: XSDD000488 | E98: 993056857 | F98: 570989 | G98: =VLOOKUP(F98,[1]装箱单!$A:$C,3,0) -> 盲盒系列 | H98: 20 | I98: =+L98*27 -> 540 | J98: 个 | K98: 装配 | L98: 20 | M98: =+U98 -> 0.22316689 | N98: 已 | Q98: =VLOOKUP($F98,[1]装箱单!$A:$E,5,0) -> 31.115 | R98: =VLOOKUP($F98,[1]装箱单!$A:$F,6,0) -> 22.59 | S98: =VLOOKUP($F98,[1]装箱单!$A:$G,7,0) -> 15.875 | T98: =VLOOKUP($F98,[1]装箱单!$A:$J,10,0) -> 0.011158345 | U98: =+T98*L98 -> 0.22316689
A99: 46184 | B99: WMUS | C99: 1002262/46304 | D99: XSDD000488 | E99: 995044942 | F99: 570989 | G99: =VLOOKUP(F99,[1]装箱单!$A:$C,3,0) -> 盲盒系列 | H99: 159 | I99: =+L99*27 -> 4293 | J99: 个 | K99: 装配 | L99: 159 | M99: =+U99 -> 1.7741768 | N99: 已 | Q99: =VLOOKUP($F99,[1]装箱单!$A:$E,5,0) -> 31.115 | R99: =VLOOKUP($F99,[1]装箱单!$A:$F,6,0) -> 22.59 | S99: =VLOOKUP($F99,[1]装箱单!$A:$G,7,0) -> 15.875 | T99: =VLOOKUP($F99,[1]装箱单!$A:$J,10,0) -> 0.011158345 | U99: =+T99*L99 -> 1.7741768
A100: 46184 | B100: WMUS | C100: 1002262/46305 | D100: XSDD000488 | E100: 995044943 | F100: 570989 | G100: =VLOOKUP(F100,[1]装箱单!$A:$C,3,0) -> 盲盒系列 | H100: 229 | I100: =+L100*27 -> 6183 | J100: 个 | K100: 装配 | L100: 229 | M100: =+U100 -> 2.5552609 | N100: 已 | Q100: =VLOOKUP($F100,[1]装箱单!$A:$E,5,0) -> 31.115 | R100: =VLOOKUP($F100,[1]装箱单!$A:$F,6,0) -> 22.59 | S100: =VLOOKUP($F100,[1]装箱单!$A:$G,7,0) -> 15.875 | T100: =VLOOKUP($F100,[1]装箱单!$A:$J,10,0) -> 0.011158345 | U100: =+T100*L100 -> 2.5552609
...

Sheet Sheet2

Sheet Sheet3
